District Names,State/UT,QualityWater,Literacy,AntenatalCare,InstitutionalBirths,Homebirths,BirthBySkilledProfessional,Obesity,Tobacco,Alcohol,PostnatalCare,Safety_Score,Rank
Navsari ,Gujarat,97.4,84.05,94.69,99.26,0.74,99.05,18.73,9.0,1.36,98.23,0.9418853044613609,1
Kasaragod ,Kerala,93.16,95.91,91.18,100.0,0.0,100.0,28.41,3.53,0.12,95.03,0.9390623368454272,2
Kozhikode ,Kerala,93.34,99.05,91.75,100.0,0.0,100.0,30.68,0.78,0.0,90.99,0.9349339768172839,3
Valsad ,Gujarat,98.0,82.93,92.48,96.52,1.99,98.5,21.26,5.25,1.46,95.02,0.9348642305904094,4
Rajkot ,Gujarat,99.5,84.68,93.52,99.28,0.72,100.0,27.97,7.2,0.12,98.05,0.9343758622521154,5
Surat ,Gujarat,98.87,84.18,93.4,97.69,1.13,98.82,25.09,7.67,1.59,96.72,0.933141109263323,6
Mumbai ,Maharastra,100.0,94.26,87.05,99.53,0.0,98.27,25.02,5.25,1.1,90.62,0.9318780629523753,7
Wayanad ,Kerala,94.09,93.72,94.19,100.0,0.0,100.0,26.65,10.6,1.17,95.94,0.931424273720712,8
Mahe ,Puducherry,97.97,99.69,85.0,100.0,0.0,100.0,28.8,1.03,0.55,96.76,0.9309416574466708,9
Kulgam ,Jammu & Kashmir,96.43,70.88,92.19,98.87,0.76,99.63,25.92,3.25,0.06,91.48,0.9289369270942978,10
Diu ,Dadra and Nagar Haveli & Daman and Diu,99.69,90.77,90.71,95.65,1.54,97.19,30.6,1.69,0.4,92.98,0.9286523742056302,11
Tiruchirappalli ,Tamil Nadu,98.08,84.79,90.51,98.6,0.44,99.04,33.5,3.51,0.43,97.57,0.9271088204185133,12
North Twenty Four Pargana ,West Bengal,99.5,85.53,89.91,97.46,0.47,98.34,26.43,7.03,0.4,87.79,0.9266961176333814,13
Osmanabad ,Maharastra,96.41,83.7,89.15,98.08,1.58,99.03,25.14,7.97,0.26,94.44,0.9266129393204645,14
Dadra & Nagar Haveli ,Dadra and Nagar Haveli & Daman and Diu,94.76,72.82,90.9,96.32,1.77,98.09,22.97,3.29,1.38,92.16,0.9264392522614007,15
Malappuram ,Kerala,97.7,99.15,90.42,100.0,0.0,100.0,36.6,1.49,0.19,96.85,0.9262499585449121,16
Karur ,Tamil Nadu,99.36,80.47,95.7,100.0,0.0,99.22,34.71,5.86,0.35,96.41,0.9252960673612101,17
Sivaganga ,Tamil Nadu,96.47,88.03,90.89,100.0,0.0,100.0,33.39,2.37,0.43,89.08,0.9252029782202769,18
Pudukkottai ,Tamil Nadu,95.71,83.71,91.64,100.0,0.0,100.0,31.95,7.59,0.75,95.44,0.9249426697004282,19
Ramanathapuram ,Tamil Nadu,93.89,86.06,88.22,99.63,0.0,99.3,34.06,1.11,0.55,94.91,0.9242656337235904,20
Dharmapuri ,Tamil Nadu,98.72,80.58,94.49,99.59,0.0,99.59,33.38,7.87,0.69,97.95,0.924114488796995,21
Perambalur ,Tamil Nadu,100.0,82.98,92.19,100.0,0.0,100.0,32.88,5.49,0.22,90.08,0.9239504559643283,22
Srinagar ,Jammu & Kashmir,98.45,78.42,85.12,99.21,0.0,99.21,27.75,1.92,0.0,90.88,0.9233119425950178,23
Jammu ,Jammu & Kashmir,99.92,91.54,95.43,96.48,0.48,96.96,38.25,0.82,0.32,92.2,0.9230745644948775,24
Shimla ,Himachal Pradesh,97.29,93.36,85.31,92.23,0.67,91.33,28.4,1.53,0.45,91.6,0.9229429754588924,25
Tiruvannamalai ,Tamil Nadu,98.53,81.66,97.65,99.05,0.0,99.05,37.75,4.82,0.16,98.05,0.9229281177520207,26
Kupwara ,Jammu & Kashmir,88.0,76.01,89.24,97.06,1.98,99.04,21.27,6.8,0.0,90.49,0.9229151331712104,27
Palghar ,Maharastra,91.09,77.61,86.32,94.18,1.92,95.66,17.0,8.28,1.42,96.97,0.9220836355965181,28
Samba ,Jammu & Kashmir,95.43,84.83,96.2,97.85,1.18,99.03,36.45,3.04,0.74,92.33,0.9219511881566562,29
Nagapattinam ,Tamil Nadu,100.0,89.25,93.13,99.65,0.35,100.0,31.86,10.36,0.26,91.91,0.9215997491982024,30
Krishnagiri ,Tamil Nadu,99.77,79.86,93.12,99.6,0.4,100.0,34.5,8.22,0.22,95.5,0.9198705456079003,31
Ariyalur ,Tamil Nadu,93.19,77.44,91.43,100.0,0.0,100.0,33.3,8.7,0.07,95.65,0.9184641277964674,32
Kolhapur ,Maharastra,97.29,90.74,81.75,99.18,0.0,93.6,23.68,9.58,0.0,95.15,0.9182686724817911,33
Sirmaur ,Himachal Pradesh,95.69,84.93,85.23,87.41,0.48,88.19,23.16,4.1,0.33,88.7,0.9181086644103729,34
Kota ,Rajasthan,99.57,77.94,81.34,97.87,0.53,98.97,13.04,9.15,0.3,88.78,0.9179206035901339,35
Shupiyan ,Jammu & Kashmir,99.16,80.81,86.78,98.33,0.4,97.53,27.6,5.04,0.42,84.5,0.9178731084323772,36
Pulwama ,Jammu & Kashmir,97.95,76.59,96.16,97.79,1.3,98.09,37.91,3.33,0.0,95.03,0.917235828242408,37
Kolar ,Karnataka,98.51,78.28,90.91,99.6,0.0,99.27,27.92,12.98,0.34,95.71,0.9170889779929042,38
Dakshina Kannada ,Karnataka,88.62,92.72,82.0,100.0,0.0,91.89,22.16,4.37,0.61,83.5,0.9159756300658438,39
Chennai ,Tamil Nadu,98.72,96.1,89.86,100.0,0.0,100.0,41.85,0.73,0.1,95.02,0.9157253053170242,40
Kachchh ,Gujarat,96.83,75.57,84.15,97.36,0.51,97.61,25.65,8.9,0.33,93.87,0.915564139552274,41
Dindigul ,Tamil Nadu,99.47,81.01,96.21,96.99,1.41,98.59,38.48,6.53,0.09,95.32,0.9149953506085033,42
Chamarajanagar ,Karnataka,99.89,72.36,84.11,100.0,0.0,96.7,30.55,2.78,0.9,94.16,0.9149414039859588,43
Karaikal ,Puducherry,99.88,89.63,88.34,99.55,0.0,99.55,39.3,5.12,0.0,94.99,0.9148522740403556,44
Karnal ,Haryana,99.89,84.46,84.71,98.96,0.5,98.64,36.49,2.63,0.3,97.46,0.9147249786880001,45
Patan ,Gujarat,99.39,71.08,79.81,98.55,0.0,97.07,18.29,6.93,0.21,93.62,0.9147026175956354,46
The Nilgiris ,Tamil Nadu,96.43,90.62,92.46,100.0,0.0,100.0,39.49,6.75,1.07,91.48,0.914169454227372,47
Dharwad ,Karnataka,87.94,81.76,85.21,99.69,0.31,98.97,33.79,6.83,0.46,97.95,0.9140365566882737,48
Tapi ,Gujarat,99.02,72.02,90.96,92.93,1.21,85.16,12.63,10.8,2.31,90.04,0.9138391444791819,49
Erode ,Tamil Nadu,98.9,83.05,93.93,100.0,0.0,100.0,37.05,11.12,0.12,96.46,0.9134596207622361,50
Madurai ,Tamil Nadu,98.71,87.3,89.47,100.0,0.0,100.0,40.82,0.77,0.43,91.36,0.9134261812396304,51
Ramanagara ,Karnataka,98.34,82.67,88.74,100.0,0.0,100.0,36.52,3.61,0.48,86.95,0.9132955846615884,52
Namakkal ,Tamil Nadu,99.45,88.93,97.83,100.0,0.0,100.0,43.23,6.58,0.06,94.78,0.9130234739166482,53
Mandya ,Karnataka,98.43,78.3,90.07,99.45,0.55,97.27,38.67,5.28,0.66,95.52,0.9126471984685905,54
Bilaspur ,Himachal Pradesh,92.85,91.23,81.35,91.7,0.47,87.62,29.14,1.75,0.3,92.92,0.9125616416035551,55
Theni ,Tamil Nadu,99.88,86.94,98.65,100.0,0.0,100.0,45.23,4.29,0.27,97.06,0.9119591771745639,56
South East ,NCT of Delhi,100.0,86.78,83.24,96.14,1.65,97.8,32.95,1.57,0.84,92.25,0.9118632794591236,57
North Goa ,Goa,98.1,92.37,91.29,99.57,0.0,98.6,37.22,2.65,4.35,93.1,0.9113095275778321,58
Porbandar ,Gujarat,96.24,84.33,92.05,100.0,0.0,95.99,27.83,16.66,0.27,97.6,0.9111272542517217,59
Panch Mahals ,Gujarat,90.95,71.67,88.73,88.41,1.65,84.2,16.07,7.76,0.37,87.97,0.9107872507457617,60
Viluppuram ,Tamil Nadu,98.37,77.83,94.88,99.11,0.46,100.0,37.02,8.8,0.15,88.11,0.9106547353794671,61
Kannur ,Kerala,93.88,99.08,78.27,100.0,0.0,100.0,32.36,1.7,0.06,93.35,0.9103727654557949,62
Solan ,Himachal Pradesh,96.47,90.98,88.17,90.22,2.05,86.84,29.73,2.86,0.52,85.93,0.9099604538927708,63
Vellore ,Tamil Nadu,97.68,84.72,95.4,99.53,0.47,100.0,45.38,4.33,0.32,98.64,0.9098702700652226,64
Tirunelveli ,Tamil Nadu,98.08,87.34,84.97,100.0,0.0,100.0,40.19,0.72,0.0,92.87,0.9098598526188877,65
Thiruvarur ,Tamil Nadu,100.0,91.21,92.33,100.0,0.0,100.0,37.15,11.53,0.35,89.5,0.9098122313638862,66
Tiruppur ,Tamil Nadu,99.79,87.49,93.54,100.0,0.0,100.0,44.96,5.74,0.14,98.39,0.9097188102422515,67
Thanjavur ,Tamil Nadu,99.67,86.37,93.66,100.0,0.0,100.0,42.76,7.58,0.45,93.78,0.9095368984426687,68
Bangalore Rural ,Karnataka,97.91,83.81,90.92,100.0,0.0,97.92,33.18,13.12,1.45,91.68,0.9088228674149738,69
Ernakulam ,Kerala,98.16,99.32,82.18,99.12,0.48,100.0,39.64,1.37,0.48,96.05,0.9082586264860365,70
South West ,NCT of Delhi,99.72,88.26,90.97,92.51,0.47,92.98,42.92,1.78,0.62,92.42,0.9081659965672217,71
Mysore ,Karnataka,95.41,78.92,85.74,100.0,0.0,97.82,36.39,6.7,1.56,93.54,0.9079755784173823,72
Balod ,Chhattisgarh,99.49,84.66,81.46,97.35,2.65,99.15,12.16,11.42,1.47,90.84,0.9075488352142655,73
Nagpur ,Maharastra,99.48,94.59,71.44,100.0,0.0,96.63,13.37,5.02,0.38,91.4,0.905869507815303,74
South Goa ,Goa,99.02,93.76,96.04,100.0,0.0,100.0,34.63,2.51,6.97,99.49,0.905152874718316,75
Shahdara ,NCT of Delhi,99.81,85.45,88.91,95.8,1.39,97.19,42.83,1.79,0.72,91.5,0.9048410688803219,76
Salem ,Tamil Nadu,97.64,83.16,85.04,100.0,0.0,100.0,40.27,6.46,0.24,92.88,0.9047445377797516,77
Pathanamthitta ,Kerala,94.07,99.66,83.91,99.07,0.0,99.15,43.84,1.51,0.16,95.24,0.9044373327960221,78
Tumkur ,Karnataka,96.17,81.87,80.35,100.0,0.0,93.07,30.43,9.79,0.81,95.21,0.9043849973905346,79
Sangli ,Maharastra,96.75,90.33,80.09,98.01,1.65,97.63,27.75,11.42,0.21,95.55,0.9042219580277447,80
Mahisagar ,Gujarat,94.79,70.89,76.63,92.98,1.94,92.69,9.43,5.02,0.27,90.9,0.9039417151898252,81
Subarnapur ,Odisha,94.22,79.24,87.78,96.08,0.41,94.95,21.72,17.86,0.75,93.14,0.9039202790374901,82
Amreli ,Gujarat,97.79,77.17,92.59,90.13,2.39,81.16,29.06,4.97,0.39,87.02,0.903634267511647,83
Thrissur ,Kerala,93.67,99.41,82.4,100.0,0.0,100.0,42.84,2.3,0.21,95.17,0.9034260936173489,84
Nayagarh ,Odisha,82.92,81.86,90.27,98.29,0.39,98.36,30.29,16.93,0.27,96.23,0.9031159617089651,85
Solapur ,Maharastra,90.35,76.44,81.92,96.23,0.89,96.25,28.15,10.18,0.31,89.64,0.9028928954458592,86
Y.S.R. ,Andhra Pradesh,99.85,63.76,82.75,99.43,0.57,100.0,33.86,3.07,0.15,92.29,0.9023928042898021,87
Agar Malwa ,Madhya Pradesh,81.43,59.44,76.53,98.88,0.0,93.59,8.81,2.59,0.52,89.94,0.9017699632455355,88
East ,NCT of Delhi,98.36,84.32,89.66,92.57,2.35,94.92,41.25,1.5,0.39,89.97,0.9014789778620913,89
Cuddalore ,Tamil Nadu,99.49,80.46,82.22,99.17,0.43,99.12,35.13,7.54,0.57,87.67,0.9013241966134331,90
Kargil ,Ladakh,90.18,77.22,88.01,93.72,2.57,95.55,26.33,1.85,1.38,78.28,0.9011771192732992,91
Indore ,Madhya Pradesh,98.87,81.71,74.59,96.5,2.6,97.8,19.03,4.61,0.21,92.57,0.900089925675956,92
Raigarh ,Maharastra,87.79,79.15,83.14,96.55,1.05,97.56,23.11,16.21,0.41,93.0,0.8996440390311786,93
Ahmadabad ,Gujarat,98.73,81.47,77.76,94.45,1.24,95.29,30.12,6.16,0.25,89.97,0.8995337398833528,94
Thoothukkudi ,Tamil Nadu,96.97,90.28,80.66,100.0,0.0,100.0,43.4,1.42,0.31,94.83,0.8991372642854698,95
Lakshadweep , Lakshadweep ,92.88,96.5,88.31,99.61,0.39,100.0,33.52,17.53,0.3,92.58,0.8991025899353388,96
Chikkaballapura ,Karnataka,98.05,76.32,90.52,98.97,1.03,97.48,26.58,18.19,1.2,91.17,0.8987515787208853,97
Puducherry ,Puducherry,100.0,91.7,86.96,99.54,0.46,100.0,48.48,2.07,0.31,92.13,0.8982693469955011,98
Coimbatore ,Tamil Nadu,99.9,90.57,89.99,100.0,0.0,100.0,49.95,5.49,0.49,95.4,0.8982317443192528,99
Latur ,Maharastra,94.6,83.29,72.64,94.71,2.37,93.4,17.57,3.7,0.21,93.32,0.8974587889683733,100
Shimoga ,Karnataka,94.63,79.81,79.43,99.66,0.34,96.53,30.34,11.26,1.42,91.45,0.8973938980785551,101
Panchkula ,Haryana,99.2,87.86,76.91,96.99,0.0,96.99,39.86,0.9,0.3,95.26,0.8966615005436476,102
Chittaurgarh ,Rajasthan,97.61,57.49,75.04,96.75,0.83,97.33,15.32,3.67,0.49,91.22,0.8965220618657952,103
Srikakulam ,Andhra Pradesh,87.73,64.32,78.41,97.94,0.47,96.38,27.18,7.09,0.55,90.81,0.8964113474855794,104
Jharsuguda ,Odisha,88.36,81.01,94.06,98.58,0.44,96.77,26.95,20.62,2.28,96.43,0.896349031988796,105
Sindhudurg ,Maharastra,73.19,92.07,73.35,100.0,0.0,98.63,20.81,11.49,0.13,96.73,0.8960142943800102,106
Kollam ,Kerala,95.7,98.22,79.28,100.0,0.0,100.0,43.52,1.63,0.22,91.44,0.8957776212376556,107
Thiruvallur ,Tamil Nadu,99.95,85.9,85.35,100.0,0.0,100.0,48.55,1.7,0.07,90.33,0.8948670881560669,108
Jamnagar ,Gujarat,99.74,83.14,73.78,96.49,0.48,96.22,29.54,7.65,0.23,92.43,0.8943682237703678,109
Morbi ,Gujarat,98.33,82.42,75.11,94.78,2.36,96.39,24.61,7.26,0.16,89.92,0.8939359197327207,110
Idukki ,Kerala,82.28,94.38,74.25,100.0,0.0,100.0,36.27,3.73,0.39,93.96,0.8938179456122022,111
Balangir ,Odisha,92.88,69.8,95.41,97.88,0.36,98.18,15.93,23.67,0.77,96.45,0.8937394025771529,112
Peddapalli ,Telangana,97.98,73.7,77.88,96.47,0.0,96.22,26.11,4.63,4.16,87.62,0.8936489479965376,113
Wardha ,Maharastra,98.46,92.95,70.37,98.79,0.0,98.98,19.6,9.48,0.59,89.88,0.8932923916113971,114
Virudhunagar ,Tamil Nadu,97.41,85.25,83.4,97.77,2.23,100.0,37.42,1.82,0.45,80.16,0.8929442052085759,115
Ahmadnagar ,Maharastra,89.98,86.19,76.61,97.9,1.03,95.0,22.97,14.69,0.24,90.91,0.8927298618528534,116
Akola ,Maharastra,95.09,87.52,76.28,97.67,0.86,86.42,19.59,10.36,0.19,82.33,0.8926859759232155,117
Ganderbal ,Jammu & Kashmir,97.15,63.99,80.38,97.97,0.89,98.61,34.22,6.27,0.2,88.37,0.8923946524260695,118
Haora ,West Bengal,99.52,80.48,82.71,95.54,1.37,96.91,22.77,5.99,0.66,70.73,0.8917578258794769,119
Rohtak ,Haryana,98.45,88.53,72.28,97.39,0.0,96.72,35.9,2.75,0.27,96.19,0.8916432006738867,120
Bhandara ,Maharastra,92.03,89.09,78.97,100.0,0.0,98.37,9.8,19.65,1.26,87.45,0.8913623619688216,121
Ratnagiri ,Maharastra,90.9,87.2,78.56,97.79,0.71,95.55,17.66,18.43,0.51,89.67,0.8912388416516096,122
Chandigarh,Chandigarh,99.12,82.96,78.74,96.87,0.16,97.03,44.02,0.56,0.27,90.61,0.8908092309105189,123
Bandipore ,Jammu & Kashmir,89.79,66.57,82.62,92.76,1.7,93.73,28.2,9.06,0.14,82.6,0.8902396813267914,124
Chandrapur ,Maharastra,96.46,87.79,68.49,99.62,0.38,96.52,9.44,11.28,0.51,92.25,0.8898941855968681,125
North East ,NCT of Delhi,98.2,85.06,86.19,89.19,1.13,89.8,43.33,3.11,0.22,82.62,0.8896825003479358,126
Dhar ,Madhya Pradesh,89.18,58.56,76.46,95.45,1.11,96.09,10.09,7.38,3.91,91.36,0.8891141422214865,127
South Twenty Four Pargana ,West Bengal,100.0,85.59,87.5,91.04,2.15,93.19,21.22,6.28,0.39,67.02,0.8886649752385262,128
New Delhi ,NCT of Delhi,99.11,83.85,80.06,91.76,1.35,92.81,41.76,2.41,0.0,86.38,0.8884019450860763,129
Hisar ,Haryana,99.33,79.76,69.91,98.23,0.89,98.83,30.15,1.83,0.2,93.26,0.8883464317879121,130
Durg ,Chhattisgarh,98.46,84.59,69.85,96.71,1.69,97.99,23.87,7.19,0.86,94.23,0.888234622431941,131
Khammam ,Telangana,98.41,66.3,76.25,97.92,0.49,93.16,36.08,2.0,1.34,93.19,0.8882207075576799,132
Jalor ,Rajasthan,98.28,62.62,71.22,95.52,1.32,94.77,4.32,6.46,0.52,87.63,0.887312487813574,133
Hassan ,Karnataka,96.8,82.04,75.77,100.0,0.0,97.1,36.07,10.87,0.96,92.61,0.8873029583216566,134
Kodagu ,Karnataka,89.2,88.5,74.36,98.43,0.2,94.07,34.69,8.73,2.27,93.25,0.8869398316972051,135
Nadia ,West Bengal,98.22,76.15,71.15,97.73,0.0,98.57,28.6,6.81,0.42,89.39,0.8868320767670772,136
Khordha ,Odisha,94.63,85.7,91.02,97.78,0.75,97.37,39.29,20.12,0.51,95.4,0.8866016828986011,137
Palakkad ,Kerala,94.68,94.4,68.39,100.0,0.0,100.0,32.89,5.11,0.39,97.5,0.8858423384709636,138
Banswara ,Rajasthan,95.59,54.82,69.88,97.7,0.46,97.48,4.5,5.8,0.75,94.0,0.8857540810004833,139
Jagitial ,Telangana,97.33,62.39,81.85,94.43,0.98,91.89,26.03,11.17,2.59,84.09,0.8855893437030534,140
Jhalawar ,Rajasthan,92.42,56.26,72.32,98.31,0.46,98.52,8.55,9.75,0.42,89.7,0.8855637249529912,141
Kanniyakumari ,Tamil Nadu,98.19,97.99,84.21,100.0,0.0,100.0,53.01,1.04,0.17,86.02,0.8851240827483176,142
Bangalore ,Karnataka,99.22,87.27,74.6,99.34,0.66,94.39,40.06,2.93,1.11,87.95,0.8851099619767117,143
Yanam ,Puducherry,100.0,83.32,79.84,100.0,0.0,98.99,51.59,0.81,0.24,97.11,0.884809076576379,144
Aravali ,Gujarat,98.45,71.93,73.84,92.18,2.49,93.02,18.05,9.64,0.27,87.58,0.8844314417072723,145
Warangal Urban ,Telangana,99.13,76.91,71.31,99.7,0.0,93.04,31.96,1.46,2.86,92.63,0.884415934101064,146
Chikmagalur ,Karnataka,95.7,82.89,74.3,98.39,1.08,98.69,33.16,10.92,1.48,90.92,0.8843635364630489,147
Kinnaur ,Himachal Pradesh,96.94,89.11,75.32,82.72,1.79,84.12,26.36,1.99,0.87,83.42,0.883574590093772,148
North West ,NCT of Delhi,99.66,86.4,77.93,93.97,1.81,95.46,43.16,1.27,0.35,86.11,0.8834274509024846,149
Sirohi ,Rajasthan,93.55,62.22,69.52,95.71,1.1,95.91,7.86,8.68,0.25,91.13,0.883424400555912,150
Baran ,Rajasthan,96.1,59.74,79.31,97.28,0.79,97.83,10.11,19.33,0.82,92.39,0.8831160642074312,151
Daman ,Dadra and Nagar Haveli & Daman and Diu,95.97,85.88,70.53,97.39,0.0,96.94,36.85,2.26,0.61,89.46,0.8827941049081027,152
Mumbai Suburban ,Maharastra,99.79,91.58,72.2,98.08,0.45,98.53,40.41,5.94,0.28,91.52,0.8824529632271049,153
Sabar Kantha ,Gujarat,90.72,74.52,73.24,89.43,2.4,83.03,15.48,6.81,0.54,86.93,0.8818522912879629,154
Gandhinagar ,Gujarat,99.72,81.78,71.02,97.81,1.38,89.26,29.5,7.16,0.05,88.18,0.8817351339001964,155
Chitradurga ,Karnataka,97.82,75.61,79.32,98.32,1.21,95.11,37.39,14.16,1.97,95.21,0.8815082643053326,156
Jalpaiguri ,West Bengal,95.2,73.6,88.39,95.84,0.37,97.67,16.67,18.96,2.76,74.81,0.8814693246979938,157
Botad ,Gujarat,99.23,71.82,82.71,93.45,3.09,74.52,27.34,5.26,0.41,85.43,0.8814629510127361,158
Krishna ,Andhra Pradesh,94.38,76.85,73.3,98.93,0.47,98.03,40.56,1.37,0.35,88.33,0.8814300869530859,159
Dehradun ,Uttarakhand,98.95,87.59,75.26,91.73,0.73,92.71,39.78,2.41,0.18,82.36,0.8811098448838276,160
Kaithal ,Haryana,98.45,73.95,68.77,98.21,1.45,99.66,32.66,1.72,0.0,95.27,0.8807853664609749,161
Baudh ,Odisha,92.45,71.01,79.04,93.36,1.62,95.01,18.47,19.05,0.89,89.6,0.880698410231315,162
Buldana ,Maharastra,89.71,79.88,72.7,93.94,2.81,92.39,15.67,12.04,0.19,86.71,0.8800860945750381,163
Narmada ,Gujarat,96.83,67.29,83.42,81.65,2.87,84.23,11.09,14.55,1.18,87.19,0.880030330647747,164
Thane ,Maharastra,96.73,90.49,70.19,93.62,1.62,93.86,30.72,6.87,0.37,87.23,0.8799478603742531,165
Adilabad ,Telangana,95.65,64.84,74.78,94.11,1.81,93.89,15.73,10.97,2.06,83.42,0.8796847431230633,166
Kancheepuram ,Tamil Nadu,99.42,84.45,76.07,100.0,0.0,100.0,46.44,4.45,0.76,87.26,0.8796491901014056,167
South Andaman ,Andaman & Nicobar Islands,97.94,86.67,85.94,99.46,0.0,96.86,39.01,19.6,1.72,88.13,0.8795632466050117,168
Rudraprayag ,Uttarakhand,93.89,87.17,76.51,86.62,3.79,85.8,25.32,2.01,0.19,83.58,0.8794723600246153,169
Harda ,Madhya Pradesh,92.32,73.94,71.85,88.36,0.68,84.07,16.77,8.61,0.69,83.87,0.8793962539714753,170
Bagalkot ,Karnataka,99.15,69.66,76.21,95.2,2.78,91.35,28.57,10.68,0.58,89.04,0.8790152338450844,171
Chhota Udaipur ,Gujarat,97.4,53.2,81.22,85.72,3.89,88.34,7.57,8.88,1.33,91.14,0.8787260557423678,172
Bundi ,Rajasthan,95.65,57.88,73.99,95.25,0.47,95.08,12.36,13.8,0.49,85.17,0.8786257217868887,173
Amravati ,Maharastra,95.81,87.81,71.7,91.34,1.79,89.72,20.31,9.0,0.9,80.21,0.8785308424877712,174
Fatehgarh Sahib ,Punjab,99.71,87.23,75.97,96.59,2.28,98.47,48.15,0.18,0.14,95.54,0.8782272469166376,175
Prakasam ,Andhra Pradesh,98.57,62.83,73.4,97.4,0.52,97.92,39.48,2.22,0.28,90.1,0.8774973231135763,176
Baramula ,Jammu & Kashmir,93.33,67.89,75.19,96.24,1.81,96.95,31.12,6.52,0.18,80.1,0.8773872511765988,177
Jayashankar Bhupalapally ,Telangana,95.14,58.92,72.72,99.49,0.51,95.08,22.36,5.56,4.26,89.06,0.8773672499556641,178
Gwalior ,Madhya Pradesh,98.6,78.1,68.85,94.75,0.74,94.21,26.12,4.58,0.2,81.34,0.8773381207177351,179
Rajnandgaon ,Chhattisgarh,98.81,82.41,76.07,95.49,2.81,96.77,12.78,19.02,1.71,90.49,0.8773255926410153,180
Uttar Bastar Kanker ,Chhattisgarh,98.68,78.45,77.9,94.07,1.68,92.79,6.84,16.54,5.17,87.35,0.8772955622350035,181
Kurnool ,Andhra Pradesh,97.88,56.97,74.25,88.52,2.03,90.55,29.01,2.11,0.41,87.78,0.8758676233744694,182
Mandi ,Himachal Pradesh,96.46,93.96,70.25,86.58,1.41,86.37,31.57,1.42,0.59,84.16,0.875321732973351,183
Rewari ,Haryana,99.73,87.41,63.78,98.71,0.0,98.34,28.3,4.38,0.29,90.47,0.8750483259848992,184
Puri ,Odisha,98.52,87.67,94.92,97.67,0.0,94.94,40.4,25.5,0.0,93.88,0.8742562154554777,185
Dakshin Dinajpur ,West Bengal,99.73,74.31,76.37,91.4,3.14,94.04,20.15,12.83,2.3,83.17,0.8740902410642593,186
Bhilwara ,Rajasthan,93.08,58.06,64.66,95.01,1.03,96.04,12.35,4.16,0.4,95.66,0.8740363992257041,187
Badgam ,Jammu & Kashmir,95.75,74.12,66.5,96.47,2.01,98.48,25.28,5.39,0.03,88.66,0.8738026013165108,188
Vadodara ,Gujarat,99.49,84.57,65.92,95.92,1.81,95.19,27.63,6.83,0.39,90.68,0.8737999513000252,189
Gadchiroli ,Maharastra,82.99,79.35,86.76,97.33,1.76,98.22,5.62,26.54,3.07,91.52,0.873674789157418,190
Yavatmal ,Maharastra,89.45,80.75,66.92,96.29,1.76,96.79,10.5,12.3,0.65,85.56,0.8733852152211145,191
Ganjam ,Odisha,89.6,71.86,82.72,93.01,1.85,92.38,36.86,17.91,0.18,89.3,0.8733282941303168,192
Junagadh ,Gujarat,97.04,82.79,72.54,97.42,0.78,97.74,33.37,13.77,0.17,84.05,0.8732031448054787,193
Sri Potti Sriramulu Nello ,Andhra Pradesh,95.63,70.46,72.95,97.0,3.0,100.0,39.53,4.38,0.27,95.47,0.8731672367014293,194
Kalahandi ,Odisha,96.53,63.75,82.85,92.75,2.23,92.18,15.03,23.23,0.8,94.0,0.8729922146374669,195
Barmer ,Rajasthan,99.9,67.64,64.93,93.31,1.15,94.32,4.51,3.86,0.43,83.28,0.8729624827743137,196
Hingoli ,Maharastra,92.41,76.54,66.61,94.04,1.64,95.25,16.55,7.8,0.24,82.36,0.8726148234917387,197
Anand ,Gujarat,99.72,75.89,64.24,95.96,1.33,95.17,20.85,7.25,0.25,90.26,0.8725491034256821,198
Central ,NCT of Delhi,99.65,84.69,73.06,92.2,0.0,90.87,44.76,3.43,0.28,84.9,0.8723860123518526,199
Bhavnagar ,Gujarat,95.09,74.24,70.9,94.18,2.52,95.97,29.35,9.66,0.25,87.04,0.8721934905722967,200
Patiala ,Punjab,99.1,78.6,71.95,97.25,0.49,97.32,42.91,0.25,0.42,81.81,0.8715323721034797,201
Gondiya ,Maharastra,91.56,87.52,66.2,99.14,0.86,98.3,9.41,17.23,0.39,90.04,0.8712318888301297,202
Udaipur ,Rajasthan,92.66,64.22,62.32,96.05,1.61,97.4,9.1,4.45,0.33,96.57,0.8712002118539947,203
Cuttack ,Odisha,92.33,83.15,84.2,98.86,0.0,98.86,32.46,25.81,0.51,92.53,0.8710830896512443,204
Kishtwar ,Jammu & Kashmir,86.84,71.28,76.4,91.59,3.74,94.11,24.88,3.45,0.06,75.73,0.8709772088749307,205
Jalandhar ,Punjab,99.94,88.1,72.83,92.34,0.99,93.33,48.27,0.69,0.3,88.22,0.8709203921221453,206
Kolkata ,West Bengal,99.25,87.6,71.74,97.47,1.85,99.32,29.02,5.99,0.99,72.8,0.8704059831411467,207
Pune ,Maharastra,96.93,89.01,68.59,97.97,1.46,98.46,31.02,11.69,0.16,84.17,0.8700841566154545,208
Sirsa ,Haryana,99.25,73.12,61.91,99.34,0.0,99.34,29.26,1.1,0.28,97.41,0.8700786313646258,209
Birbhum ,West Bengal,99.38,70.79,78.38,90.31,2.43,92.2,13.39,8.06,1.67,67.49,0.8699609508426018,210
Shajapur ,Madhya Pradesh,91.75,61.98,64.68,98.14,0.71,95.37,16.02,5.33,0.34,85.63,0.8697534923319238,211
Morena ,Madhya Pradesh,97.11,70.71,64.92,94.76,1.04,89.99,20.15,4.93,0.17,84.23,0.8693171707285386,212
Dohad ,Gujarat,90.99,56.1,70.9,92.45,1.27,93.19,6.54,14.61,0.9,87.19,0.8689870051493787,213
Belgaum ,Karnataka,94.41,73.99,63.74,97.52,0.75,96.4,23.76,6.6,0.45,87.0,0.8689194894176024,214
Bhadradri Kothagudem ,Telangana,99.06,68.71,70.13,97.37,2.28,94.19,31.04,4.68,2.89,87.14,0.8687602246623657,215
Una ,Himachal Pradesh,98.77,92.52,71.66,89.65,2.48,89.9,41.17,0.76,0.19,84.87,0.8686885861368749,216
Tonk ,Rajasthan,90.89,56.36,66.17,97.37,0.53,97.93,10.02,8.58,0.52,84.5,0.8685789820764253,217
Medchal-Malkajgiri ,Telangana,99.94,79.52,69.62,98.26,1.55,96.17,41.79,3.04,2.37,90.64,0.8684833863486605,218
Chittoor ,Andhra Pradesh,98.46,69.32,65.28,97.1,1.28,97.55,33.41,4.3,0.43,93.78,0.8682287690705423,219
Alappuzha ,Kerala,98.41,99.7,65.68,99.38,0.62,100.0,41.89,1.83,0.18,89.24,0.8682205408319118,220
Purba Barddhaman ,West Bengal,99.13,73.19,80.5,95.95,1.99,94.27,23.93,9.93,1.17,65.21,0.8681654633143259,221
Vizianagaram ,Andhra Pradesh,93.1,58.32,71.35,99.01,0.46,97.61,28.82,11.41,0.8,83.89,0.8679846120152145,222
Yamunanagar ,Haryana,100.0,87.05,66.42,94.79,0.38,85.95,37.95,1.73,0.41,88.31,0.8679207202649014,223
Bhopal ,Madhya Pradesh,96.73,81.28,64.57,98.26,0.0,92.14,31.46,8.49,0.16,89.45,0.8678220957215809,224
Ratlam ,Madhya Pradesh,90.98,63.41,65.09,95.19,1.92,96.12,17.01,3.87,0.16,84.56,0.8676889425763128,225
Khandwa (East Nimar) ,Madhya Pradesh,88.67,67.65,62.2,93.17,1.18,93.14,13.67,6.87,0.37,93.34,0.867584331170415,226
Sonipat ,Haryana,97.17,89.13,64.07,99.7,0.0,90.19,39.25,2.88,0.17,94.51,0.8671926764361568,227
Mandsaur ,Madhya Pradesh,77.55,67.21,60.78,99.35,0.0,96.38,19.23,2.27,0.29,93.63,0.8666795003175253,228
Sambalpur ,Odisha,92.99,76.55,88.95,99.52,0.48,97.62,21.42,22.42,7.62,90.49,0.8664383152890528,229
Warangal Rural ,Telangana,98.96,60.14,70.42,100.0,0.0,94.5,26.37,2.8,6.49,93.78,0.8662047351527853,230
Jagatsinghapur ,Odisha,99.47,86.28,82.6,98.31,0.0,96.7,35.47,25.72,0.42,89.23,0.8659218203783908,231
Neemuch ,Madhya Pradesh,91.73,68.45,60.58,97.5,1.16,96.99,20.12,2.98,0.41,93.32,0.8657711795041078,232
Bhiwani ,Haryana,97.51,80.03,60.36,97.7,0.76,97.82,28.06,1.77,0.13,91.48,0.8655527241254006,233
Guna ,Madhya Pradesh,81.35,56.77,68.34,97.98,1.55,92.8,12.0,5.96,0.39,78.0,0.8652971941978407,234
Maldah ,West Bengal,99.04,72.25,82.75,87.68,1.75,88.92,21.98,8.37,0.26,61.61,0.8651461064349583,235
Gir Somnath ,Gujarat,98.2,73.12,80.69,87.12,4.8,91.82,17.31,18.9,0.37,90.84,0.864979496072103,236
Hyderabad ,Telangana,99.56,83.55,69.93,98.32,0.0,94.58,51.04,1.67,0.68,91.17,0.8648966197414605,237
Sahibzada Ajit Singh Nagar ,Punjab,99.88,86.73,69.02,97.42,0.51,97.93,48.88,0.5,0.62,87.28,0.8645301840042812,238
Bargarh ,Odisha,98.04,75.73,70.1,99.59,0.0,96.22,19.89,21.22,2.24,92.69,0.8643999269792483,239
Fatehabad ,Haryana,99.76,73.2,60.08,97.94,0.3,97.94,29.81,0.79,0.5,96.92,0.8643806742126033,240
Anantapur ,Andhra Pradesh,98.8,63.55,66.61,94.7,2.84,98.33,29.33,5.03,0.55,89.08,0.8629727859927976,241
Kandhamal ,Odisha,64.38,70.32,81.1,93.94,1.41,94.85,15.68,25.52,1.49,90.56,0.8629603417947642,242
Rajsamand ,Rajasthan,94.81,69.74,60.68,95.1,1.09,95.66,8.25,4.76,0.11,82.58,0.8624801584392767,243
Nirmal ,Telangana,98.3,58.58,69.65,96.65,0.48,91.6,22.5,12.96,3.5,87.15,0.8622074973523383,244
Balaghat ,Madhya Pradesh,83.33,79.79,69.12,95.1,2.1,97.69,4.25,20.19,2.77,92.05,0.8621730774609121,245
Bhind ,Madhya Pradesh,95.49,73.79,63.12,93.53,2.3,93.52,20.49,5.59,0.41,84.16,0.8619193877872788,246
Karimnagar ,Telangana,98.27,70.26,69.64,98.36,1.64,86.92,28.78,5.66,5.58,89.51,0.8617858467109146,247
Dhamtari ,Chhattisgarh,99.11,83.69,70.4,94.25,4.06,96.55,12.71,14.14,2.76,84.3,0.8617305587471047,248
Ranga Reddy ,Telangana,99.41,72.13,75.09,97.17,1.23,92.74,40.62,4.47,6.65,89.82,0.8615875855741392,249
Barnala ,Punjab,99.8,78.75,63.79,96.7,1.17,95.27,37.67,0.25,0.27,85.99,0.8614196025380597,250
Darjiling ,West Bengal,90.81,76.99,79.18,98.35,0.88,99.23,28.25,14.42,5.78,73.9,0.8608479765719748,251
Udham Singh Nagar ,Uttarakhand,99.91,72.26,75.92,85.14,3.57,81.55,35.42,5.34,0.35,81.97,0.8607539314213545,252
Udupi ,Karnataka,81.48,90.26,59.4,98.88,0.4,90.19,22.94,6.98,1.0,89.2,0.8604541181205242,253
Anugul ,Odisha,76.21,74.63,83.65,85.71,4.07,89.78,22.71,17.24,3.94,84.79,0.86007410592641,254
Gadag ,Karnataka,95.53,70.67,68.68,96.19,3.55,98.22,30.62,8.5,0.54,84.67,0.8599684464223731,255
Uttarkashi ,Uttarakhand,96.13,81.23,66.81,85.87,0.43,84.53,21.52,2.53,0.46,71.96,0.8599476824012249,256
Ganganagar ,Rajasthan,94.4,70.96,58.69,97.7,0.53,98.24,19.45,2.08,0.46,85.89,0.8598737389350478,257
Koch Bihar ,West Bengal,99.33,79.18,77.34,93.03,0.53,92.54,16.52,22.29,0.28,71.93,0.8596588677501539,258
West ,NCT of Delhi,99.78,83.23,67.06,91.75,2.82,93.92,40.6,1.96,0.52,86.92,0.8596483855501491,259
Kurukshetra ,Haryana,99.93,83.92,59.75,98.36,0.59,97.57,37.34,1.29,0.21,95.3,0.8596383003507517,260
Lahul & Spiti ,Himachal Pradesh,89.24,86.22,65.63,86.39,2.29,86.65,26.94,1.7,1.82,81.08,0.8593376315556679,261
Satara ,Maharastra,95.55,87.18,81.69,97.1,2.04,97.85,26.55,29.46,0.51,94.53,0.8592532501835074,262
Shahid Bhagat Singh Nagar ,Punjab,99.67,89.94,60.45,99.33,0.67,100.0,41.78,0.21,0.24,96.55,0.8589853445629502,263
Rupnagar ,Punjab,98.52,88.93,65.23,97.76,0.91,98.68,45.33,0.53,0.28,83.94,0.8585849535460004,264
Ujjain ,Madhya Pradesh,94.66,66.31,60.25,97.11,0.91,90.32,15.16,4.74,0.78,84.5,0.8585247727726252,265
Devbhumi Dwarka ,Gujarat,93.91,66.09,76.56,94.8,1.97,91.7,24.06,24.19,0.51,90.1,0.8581662165036015,266
Hoshiarpur ,Punjab,99.92,92.75,59.67,98.34,0.0,98.34,40.72,0.2,0.26,92.92,0.8577199815158617,267
Hamirpur ,Himachal Pradesh,98.0,94.84,59.43,97.6,0.0,92.38,37.11,0.66,0.26,88.85,0.8572691662969272,268
West Godavari ,Andhra Pradesh,99.07,76.97,62.73,98.7,0.73,98.47,45.34,2.24,0.15,94.75,0.8566059142629102,269
Rajanna Sircilla ,Telangana,98.69,64.7,67.06,97.55,1.21,95.4,23.83,8.5,6.13,89.92,0.8565196822136303,270
Betul ,Madhya Pradesh,87.09,76.06,74.02,87.61,4.59,83.46,17.71,11.92,3.08,85.44,0.856499573367001,271
Burhanpur ,Madhya Pradesh,95.96,67.6,63.1,90.72,2.58,92.33,12.23,9.52,1.01,84.61,0.8563600329016322,272
Jorhat ,Assam,85.92,85.09,66.95,96.49,0.44,97.4,19.9,16.48,4.03,81.44,0.8560912889284619,273
Leh(Ladakh) ,Ladakh,87.11,76.39,69.63,96.4,1.97,98.37,30.22,4.44,6.1,80.82,0.8559171008701821,274
Jhajjar ,Haryana,96.6,89.14,60.13,97.2,0.3,97.19,43.47,2.57,0.12,96.04,0.8556425825641724,275
Bharuch ,Gujarat,97.23,74.01,65.68,91.14,1.72,92.06,25.49,11.21,1.13,78.81,0.8549324485220003,276
Bageshwar ,Uttarakhand,92.03,87.78,67.93,82.01,3.68,84.97,17.6,7.71,0.5,78.08,0.8548510626427122,277
Tikamgarh ,Madhya Pradesh,79.95,70.63,64.15,89.8,4.38,93.68,10.4,5.59,0.3,86.87,0.854806205088397,278
Uttara Kannada ,Karnataka,84.82,84.34,57.88,99.27,0.36,99.18,22.61,10.5,0.29,87.37,0.8543232705789706,279
Rajouri ,Jammu & Kashmir,77.71,79.41,71.86,88.81,5.6,94.42,22.69,3.18,0.11,78.67,0.8538952273258623,280
Chhindwara ,Madhya Pradesh,89.06,75.03,66.95,92.16,0.84,92.31,18.6,21.1,2.33,90.24,0.8532560251064788,281
Kamrup Metropolitan ,Assam,87.21,86.01,68.86,89.11,2.22,90.12,21.26,11.84,3.86,75.55,0.8529963025595119,282
Mancherial ,Telangana,95.62,69.45,64.7,90.07,3.98,96.9,24.55,6.45,1.91,87.67,0.8526699778291894,283
Khargone (West Nimar) ,Madhya Pradesh,96.98,61.74,61.33,92.76,1.3,88.22,15.03,8.49,1.11,83.66,0.8526306450220409,284
Muktsar ,Punjab,97.79,72.73,57.87,96.39,1.19,95.95,30.76,0.38,0.31,88.09,0.852388888539283,285
Narsimhapur ,Madhya Pradesh,99.77,73.61,74.19,91.37,1.85,92.95,20.14,27.2,0.34,91.4,0.8523801854380036,286
Visakhapatnam ,Andhra Pradesh,91.78,69.54,58.59,95.25,0.0,94.35,23.79,6.34,1.32,84.78,0.8521112263070796,287
Guntur ,Andhra Pradesh,99.25,68.48,62.47,98.61,0.94,95.54,46.39,1.6,0.17,93.99,0.8514809252939791,288
Jhabua ,Madhya Pradesh,85.19,38.6,63.61,92.85,1.73,94.19,11.62,4.2,1.05,86.47,0.850466292980217,289
Paschim Barddhaman ,West Bengal,95.21,73.45,70.41,89.79,0.78,91.26,20.43,11.79,0.83,64.12,0.8501460580810236,290
Mahendragarh ,Haryana,99.71,82.73,55.2,98.91,0.72,98.85,29.51,2.31,0.37,87.99,0.8500874408545473,291
Kheda ,Gujarat,97.69,70.92,61.2,95.18,1.95,88.41,17.76,13.45,0.46,85.07,0.8497407197613585,292
Charkhi Dadri ,Haryana,97.32,84.41,53.44,98.94,0.74,99.68,28.75,1.89,0.12,93.88,0.8495868815690452,293
Kullu ,Himachal Pradesh,94.26,87.36,59.99,86.95,2.5,88.14,29.78,1.43,0.95,84.63,0.8492428206493247,294
Bidar ,Karnataka,98.88,73.79,55.27,98.98,0.25,91.72,20.8,8.53,0.25,89.64,0.8490465518050898,295
Haveri ,Karnataka,99.05,71.52,58.65,97.17,2.04,95.82,29.11,9.15,1.01,92.42,0.8489475012090258,296
Tarn Taran ,Punjab,95.6,68.61,60.25,95.97,0.92,95.42,39.03,0.14,0.48,85.48,0.8487753274231764,297
Raisen ,Madhya Pradesh,92.43,78.63,56.59,96.03,1.15,91.14,23.5,9.7,0.17,88.75,0.8485217996427025,298
South ,NCT of Delhi,100.0,86.62,85.57,81.97,7.13,90.0,40.03,3.77,0.68,82.88,0.8485038631591462,299
Udhampur ,Jammu & Kashmir,76.44,77.33,69.82,87.23,3.55,91.13,29.27,4.73,0.55,71.24,0.8484478319476568,300
Anantnag ,Jammu & Kashmir,99.27,74.66,80.91,90.47,8.05,98.08,28.63,2.91,0.16,85.14,0.8481488176675924,301
Nalgonda ,Telangana,99.24,62.6,65.72,98.27,1.73,99.01,28.5,3.99,7.39,92.22,0.8480914734687334,302
Pithoragarh ,Uttarakhand,90.92,89.1,58.71,84.89,1.9,83.24,21.82,4.29,0.29,82.01,0.8471895959729243,303
Doda ,Jammu & Kashmir,92.63,69.24,74.32,73.54,1.71,75.57,31.26,3.18,0.21,71.61,0.8471809409211747,304
Jaipur ,Rajasthan,99.92,73.75,53.5,97.33,1.21,98.01,18.12,6.3,0.22,89.42,0.84672440599537,305
Banas Kantha ,Gujarat,93.58,63.71,56.05,92.94,1.22,92.66,11.73,7.47,0.13,86.05,0.8466733312939818,306
Suryapet ,Telangana,99.78,63.48,70.42,95.94,4.06,94.22,33.92,3.04,6.06,88.61,0.8466475262577751,307
Nizamabad ,Telangana,99.42,63.07,78.53,97.3,0.97,91.84,27.51,8.6,9.76,79.48,0.8463633121968416,308
The Dangs ,Gujarat,91.21,68.92,90.21,74.45,4.44,77.08,8.06,18.47,4.63,80.14,0.8463535125436752,309
Kendrapara ,Odisha,99.73,86.74,77.1,96.66,1.71,94.58,24.06,30.93,0.46,85.47,0.8462821430562172,310
Dhenkanal ,Odisha,63.44,77.05,75.79,94.81,1.25,93.22,21.78,28.21,2.63,90.74,0.8461039176390437,311
Kangra ,Himachal Pradesh,98.57,94.43,56.28,90.17,1.96,87.54,30.95,1.18,1.12,88.66,0.8458389051847436,312
Punch ,Jammu & Kashmir,76.75,79.25,86.38,85.99,8.82,93.76,16.21,2.29,0.31,81.71,0.8456221207124281,313
Jogulamba Gadwal ,Telangana,96.98,45.04,72.91,94.15,2.49,91.65,21.89,9.72,7.14,88.3,0.8455781255553899,314
Pratapgarh ,Rajasthan,88.64,55.36,52.93,96.35,0.5,97.09,5.9,2.65,0.35,93.97,0.8454457496895728,315
Nashik ,Maharastra,86.34,79.99,66.41,90.49,3.26,89.93,21.66,15.39,0.21,76.5,0.8450635638216163,316
Davanagere ,Karnataka,97.45,75.98,63.05,98.31,0.69,88.14,38.06,8.92,1.71,78.93,0.8450239430277143,317
Ambala ,Haryana,99.29,88.85,57.39,97.83,0.98,90.95,41.62,0.8,0.44,86.92,0.8448193042477813,318
Bemetara ,Chhattisgarh,98.82,74.14,54.61,94.98,1.99,93.91,14.86,10.57,0.68,91.52,0.8443026519477522,319
Debagarh ,Odisha,86.17,69.53,77.52,91.22,3.74,90.75,13.39,20.84,6.89,88.53,0.8441516431214366,320
Mahesana ,Gujarat,97.01,75.05,56.58,97.25,0.85,91.55,24.32,7.7,0.18,79.73,0.843619855050822,321
Gurdaspur ,Punjab,97.56,84.39,61.09,92.4,3.41,92.66,41.04,0.39,0.63,85.96,0.8434308502589619,322
Washim ,Maharastra,73.71,77.95,59.97,92.94,1.78,83.09,14.16,14.34,0.38,83.38,0.8426812910870857,323
Kottayam ,Kerala,97.14,99.7,55.12,98.69,0.65,99.33,39.82,1.71,0.55,84.95,0.8423107312758108,324
Nuapada ,Odisha,97.49,57.19,71.65,89.8,3.45,92.7,11.86,23.69,0.91,85.92,0.8419730016231236,325
Hugli ,West Bengal,98.14,77.4,72.24,96.95,0.43,97.37,34.6,8.08,1.49,56.74,0.8412549872486258,326
Hanumangarh ,Rajasthan,97.83,69.72,53.12,94.94,1.98,96.92,17.55,1.53,0.1,83.35,0.8407500398827056,327
Dungarpur ,Rajasthan,94.12,68.19,50.62,94.11,1.85,95.47,4.36,3.6,0.26,92.56,0.8406402894658964,328
Kabeerdham ,Chhattisgarh,97.85,67.81,58.89,91.72,3.39,93.44,11.8,13.71,2.59,92.95,0.8406082226573465,329
Bid ,Maharastra,85.38,76.27,56.83,94.02,2.5,90.8,21.92,6.01,0.45,79.79,0.8404636745822579,330
Raipur ,Chhattisgarh,99.73,81.31,65.6,90.71,6.55,95.8,15.7,10.86,1.2,88.38,0.8403020124700654,331
Kanpur Nagar ,Uttar Pradesh,98.78,82.7,69.85,86.61,5.03,86.96,25.24,9.46,0.33,71.1,0.8396822570078422,332
Jodhpur ,Rajasthan,96.52,68.18,56.71,90.03,3.14,92.57,13.31,6.87,0.16,81.56,0.839390041925732,333
Vidisha ,Madhya Pradesh,95.72,68.89,54.44,90.61,1.93,91.58,19.76,8.81,0.05,87.84,0.8393191780379373,334
Moga ,Punjab,99.21,76.0,58.43,93.04,4.33,95.31,33.06,0.26,0.45,87.43,0.8389530223843431,335
Amritsar ,Punjab,99.62,81.68,56.49,95.9,2.9,98.8,42.3,0.2,0.14,90.14,0.8385764565602942,336
Ludhiana ,Punjab,99.87,85.28,65.19,90.12,4.68,92.35,45.09,0.46,0.28,82.51,0.8385177511793308,337
Bellary ,Karnataka,94.72,64.44,56.36,95.74,2.38,95.95,27.32,8.18,0.95,86.62,0.8383234105681244,338
Jind ,Haryana,96.17,83.56,49.63,98.68,0.63,98.95,32.33,2.51,0.0,96.39,0.8382674755545865,339
Dausa ,Rajasthan,99.37,62.18,53.64,98.17,0.0,96.08,9.08,15.78,0.18,89.67,0.837005504262082,340
Bhadrak ,Odisha,100.0,82.58,74.87,96.06,2.25,97.19,18.32,34.11,0.32,89.04,0.8369327864415259,341
Ashoknagar ,Madhya Pradesh,90.07,61.25,57.92,91.32,2.44,92.07,15.38,8.43,0.5,77.77,0.836916402793887,342
Aurangabad ,Maharastra,91.65,83.1,57.21,94.8,3.12,96.26,24.4,7.85,0.24,76.44,0.8368536914143254,343
Anuppur ,Madhya Pradesh,79.75,74.95,63.55,84.8,2.8,85.26,15.46,16.72,3.69,85.64,0.8365872904417415,344
Nagarkurnool ,Telangana,99.6,57.09,75.13,98.02,1.98,94.48,22.81,6.15,11.82,90.27,0.8361209772029585,345
Shivpuri ,Madhya Pradesh,86.8,62.45,52.71,94.46,1.92,93.97,16.42,7.52,0.2,88.14,0.8360285477802422,346
Surendranagar ,Gujarat,96.88,75.07,57.45,85.58,2.87,83.59,20.73,4.7,0.06,78.36,0.8358348228585111,347
Nanded ,Maharastra,94.76,71.91,53.48,94.81,0.9,92.56,19.18,5.67,0.21,76.13,0.8352410959292296,348
Ghaziabad ,Uttar Pradesh,99.13,81.78,62.0,86.44,4.06,88.01,43.73,1.67,0.09,84.8,0.8351908732200256,349
Ajmer ,Rajasthan,98.09,70.17,52.81,95.11,2.75,97.86,18.88,4.08,0.17,82.33,0.835163637801662,350
Imphal West ,Manipur,89.12,92.5,93.39,95.67,2.31,97.98,36.86,37.95,0.51,90.83,0.8351215037576317,351
Mahabubnagar ,Telangana,99.64,59.59,62.6,98.1,0.95,97.63,24.01,7.47,8.02,84.94,0.8349408005778712,352
Gurgaon ,Haryana,99.65,87.07,48.12,96.67,0.51,97.18,24.32,2.86,0.49,87.68,0.8347076508145377,353
Thiruvananthapuram ,Kerala,92.89,98.48,55.33,99.45,0.55,100.0,50.6,0.84,0.0,86.21,0.834630456160869,354
Faridabad ,Haryana,97.85,84.39,51.23,92.49,1.4,93.93,37.05,2.65,0.51,93.5,0.834442176498177,355
Bankura ,West Bengal,96.26,68.3,75.66,93.28,4.66,93.81,12.98,21.52,0.6,67.15,0.8335973495024309,356
Sikar ,Rajasthan,99.44,73.26,50.42,95.76,1.14,94.92,19.62,7.02,0.19,83.51,0.833303102819626,357
Pali ,Rajasthan,96.17,76.33,45.02,98.81,0.26,98.51,8.14,4.61,0.06,96.41,0.8332981032253366,358
Pathankot ,Punjab,98.59,90.47,52.42,94.8,2.13,94.95,39.96,0.43,0.31,88.51,0.8332551153152902,359
Varanasi ,Uttar Pradesh,98.41,80.61,51.4,95.17,2.79,93.41,22.56,5.54,0.43,85.14,0.8328423085541719,360
Mahasamund ,Chhattisgarh,98.83,72.62,65.79,92.89,3.96,96.28,12.61,23.72,3.71,89.09,0.8325306202167093,361
Jhunjhunun ,Rajasthan,98.39,76.06,49.15,97.12,1.46,98.57,19.0,5.93,0.68,84.62,0.8320177570979906,362
Nalbari ,Assam,99.54,83.88,55.9,91.82,0.35,91.38,21.84,11.73,2.41,73.78,0.8318520717188174,363
Jalna ,Maharastra,82.78,71.81,58.39,92.79,3.36,86.49,20.58,7.02,0.2,74.0,0.8316703242338851,364
Champawat ,Uttarakhand,95.39,84.73,62.03,79.84,5.59,80.74,17.89,4.92,0.22,80.84,0.8311505293200652,365
Panipat ,Haryana,99.85,85.89,49.2,97.1,0.88,96.28,37.84,4.62,0.45,92.83,0.8303880317108341,366
Jajapur ,Odisha,92.02,78.36,73.83,93.81,1.67,96.11,21.33,34.37,3.44,92.38,0.8300228292848579,367
Barwani ,Madhya Pradesh,90.44,52.47,64.22,85.11,5.44,89.91,8.18,9.9,1.36,81.35,0.8296362940975557,368
Yadgir ,Karnataka,95.17,48.05,63.59,93.34,2.85,93.04,18.77,14.55,1.1,73.28,0.8292462833140863,369
Wanaparthy ,Telangana,99.42,52.05,62.77,98.95,1.05,96.64,23.54,8.92,8.72,87.58,0.8289326694597308,370
Siddipet ,Telangana,97.24,70.96,62.62,99.65,0.35,90.45,26.81,5.2,8.3,74.05,0.8281824604177288,371
Jangoan ,Telangana,99.37,65.51,65.41,99.56,0.0,90.07,24.14,4.13,11.29,85.61,0.8275903704659318,372
Komaram Bheem Asifabad ,Telangana,93.55,51.67,68.81,82.03,5.74,83.38,14.0,12.76,2.97,85.49,0.8274726857378097,373
Gorakhpur ,Uttar Pradesh,99.78,70.14,56.32,91.59,4.29,84.1,21.13,5.35,0.13,79.11,0.8274027441095357,374
Mahrajganj ,Uttar Pradesh,100.0,64.13,52.52,93.26,2.49,91.97,19.86,5.85,0.26,77.16,0.8262192145450675,375
Shahdol ,Madhya Pradesh,79.16,72.07,57.38,85.63,4.55,86.86,14.5,8.57,2.32,83.16,0.8260900522391221,376
Seoni ,Madhya Pradesh,79.12,73.74,64.5,94.81,1.46,86.12,15.68,30.63,1.76,93.35,0.8258971801838352,377
Bikaner ,Rajasthan,94.93,64.33,50.52,89.99,2.86,92.68,14.35,3.43,0.35,81.22,0.8255549968450463,378
Lucknow ,Uttar Pradesh,99.75,79.8,53.08,91.32,1.63,87.86,34.77,7.72,0.17,78.65,0.8251583658254407,379
Gautam Buddha Nagar ,Uttar Pradesh,99.89,80.6,52.74,86.58,3.54,90.12,34.66,2.95,0.15,85.43,0.8248534247039803,380
Rajgarh ,Madhya Pradesh,74.22,56.5,55.15,91.7,1.72,88.19,14.08,7.51,0.51,73.25,0.8246300877844874,381
Reasi ,Jammu & Kashmir,76.54,68.19,75.92,69.32,4.81,73.3,22.7,3.98,0.13,64.72,0.8243949488643382,382
Chamba ,Himachal Pradesh,85.53,84.09,62.71,72.04,3.95,74.12,23.21,2.46,0.6,72.94,0.824222247394729,383
Kapurthala ,Punjab,99.41,85.3,51.37,95.03,3.22,93.46,42.38,0.2,0.24,88.35,0.824132381061144,384
Katni ,Madhya Pradesh,93.98,72.03,52.88,91.75,3.75,93.3,16.35,11.65,0.43,82.18,0.824028692333658,385
East Godavari ,Andhra Pradesh,97.88,77.87,50.95,96.63,2.17,89.85,44.36,3.16,0.72,91.88,0.8235881002868225,386
Yadadri Bhuvanagiri ,Telangana,99.73,68.38,67.23,97.68,1.21,94.05,24.59,5.62,12.93,93.21,0.8233667542126607,387
Paschim Medinipur ,West Bengal,95.53,70.85,63.09,87.58,5.12,95.1,19.06,18.83,1.46,79.73,0.823246674293363,388
Nabarangapur ,Odisha,99.08,40.95,87.67,87.56,1.08,87.53,8.06,34.44,5.98,89.31,0.823185794871883,389
Hapur ,Uttar Pradesh,99.88,75.29,53.31,83.33,3.37,85.58,32.39,2.41,0.05,82.98,0.8229863973196803,390
Raichur ,Karnataka,94.01,54.28,67.45,88.93,5.85,83.32,19.9,13.47,0.89,76.06,0.821893046913104,391
Imphal East ,Manipur,90.18,90.03,87.1,91.65,1.63,93.0,40.06,39.62,0.76,85.39,0.8212032934160695,392
Mahabubabad ,Telangana,98.23,58.04,67.74,97.65,1.88,95.36,23.74,5.0,12.63,91.51,0.8210283248323804,393
Nainital ,Uttarakhand,92.98,85.4,59.74,81.23,4.9,83.9,33.25,5.17,0.42,75.85,0.8209806067348034,394
Nagaur ,Rajasthan,96.86,67.77,46.15,96.96,1.71,96.91,12.98,5.85,0.28,80.77,0.8206375683615361,395
Gajapati ,Odisha,78.05,50.52,83.04,76.37,5.98,80.35,17.49,16.47,5.36,78.17,0.8202749549237188,396
Faridkot ,Punjab,92.54,75.3,53.44,94.29,4.35,97.72,39.4,0.13,0.21,81.67,0.8199771499734133,397
Jalgaon ,Maharastra,94.32,76.51,58.39,86.51,3.81,81.86,26.24,12.64,0.5,74.53,0.8198682924930563,398
Bijapur ,Karnataka,92.52,66.61,56.37,91.75,3.78,90.0,27.44,10.76,0.78,74.41,0.8186512912114297,399
Mahoba ,Uttar Pradesh,94.28,69.65,46.24,96.32,1.89,97.04,10.56,13.22,0.19,86.33,0.8185683378400882,400
Raigarh ,Chhattisgarh,97.53,75.96,55.41,87.73,3.3,85.78,14.91,19.08,3.77,89.55,0.818538659483036,401
Dewas ,Madhya Pradesh,93.58,67.29,49.07,92.23,3.62,91.85,19.16,7.26,0.5,84.27,0.8183983809709754,402
Firozpur ,Punjab,95.57,75.74,48.44,95.53,2.69,97.53,39.24,0.06,0.31,83.91,0.8177775240699983,403
Saharanpur ,Uttar Pradesh,99.73,73.79,52.44,81.65,5.29,86.94,16.35,2.42,0.49,83.58,0.8172937123175686,404
Gariyaband ,Chhattisgarh,96.82,72.08,57.84,87.56,4.65,84.93,9.09,21.04,1.21,86.34,0.8168752755122124,405
Datia ,Madhya Pradesh,95.82,71.16,54.16,89.44,5.8,88.61,19.11,6.65,0.21,82.04,0.8167103094570012,406
Satna ,Madhya Pradesh,92.67,73.02,51.5,85.53,4.56,86.34,20.36,6.27,0.06,81.26,0.8157803171855909,407
Bathinda ,Punjab,99.1,72.47,48.23,93.12,1.77,93.2,37.47,1.0,0.46,78.66,0.8152060915655283,408
Auraiya ,Uttar Pradesh,99.49,79.26,50.37,90.11,4.13,90.92,19.28,9.29,0.3,77.8,0.8151013286025726,409
South District ,Sikkim,93.3,90.46,84.49,97.41,1.97,99.38,34.83,15.78,14.95,83.06,0.8139582349856291,410
Jaisalmer ,Rajasthan,95.18,63.53,47.59,90.01,3.76,93.57,11.18,4.97,0.14,80.09,0.8138185414080927,411
Tehri Garhwal ,Uttarakhand,84.09,75.54,48.89,82.15,2.03,77.62,20.89,3.78,0.18,78.49,0.8138109645504326,412
Palwal ,Haryana,96.69,71.14,53.41,78.34,4.42,83.24,27.38,6.96,0.11,82.69,0.8135387246963636,413
Umaria ,Madhya Pradesh,79.48,67.66,48.86,92.19,3.28,85.61,14.56,13.86,1.97,89.68,0.8124259089999996,414
Sangrur ,Punjab,99.69,79.79,47.71,94.66,4.47,97.67,37.58,0.63,0.26,86.63,0.811991581324319,415
Jalaun ,Uttar Pradesh,98.95,70.98,62.84,85.13,6.05,85.58,14.55,13.39,0.18,67.46,0.8115696756303231,416
Sangareddy ,Telangana,99.35,63.63,66.38,92.96,4.41,95.08,29.44,5.4,11.2,84.67,0.8109639289557451,417
Sundargarh ,Odisha,91.47,74.12,73.07,91.34,2.23,88.15,19.57,21.87,11.46,79.69,0.8109081527673635,418
Chamoli ,Uttarakhand,94.43,90.45,52.22,73.94,2.83,75.31,24.23,2.18,0.19,72.11,0.810042656744277,419
Janjgir - Champa ,Chhattisgarh,97.24,77.02,62.82,86.24,8.4,91.56,12.81,14.82,1.34,85.94,0.8100249690206996,420
Sawai Madhopur ,Rajasthan,92.48,57.35,47.31,97.4,1.03,97.76,11.08,13.87,0.56,75.19,0.8098832588950798,421
Kodarma ,Jharkhand,83.88,66.91,47.61,91.33,4.32,94.49,12.4,1.4,0.49,75.84,0.8095358504005878,422
Baleshwar ,Odisha,98.49,76.46,56.61,97.58,0.41,93.46,21.63,29.82,4.25,87.59,0.809216522503223,423
Hamirpur ,Uttar Pradesh,99.4,73.23,43.24,96.28,1.76,96.23,9.27,16.95,0.15,87.22,0.8087142971269856,424
Nagaon ,Assam,96.12,78.44,59.44,83.67,2.71,86.74,13.24,18.2,2.5,61.99,0.8079318296534329,425
Kamareddy ,Telangana,99.37,58.56,79.5,97.05,1.51,93.21,21.04,5.63,16.71,86.75,0.8079244804615612,426
Mau ,Uttar Pradesh,99.8,74.44,43.2,94.74,2.67,90.66,20.2,6.38,0.37,79.96,0.8074733206586169,427
Kanpur Dehat ,Uttar Pradesh,99.4,75.56,54.4,84.3,4.37,83.82,19.59,10.17,0.42,67.9,0.8070083205728726,428
Dhaulpur ,Rajasthan,94.75,59.91,42.43,94.42,0.44,94.16,11.65,9.92,0.22,79.4,0.8067248131077139,429
Deoria ,Uttar Pradesh,99.81,73.7,42.45,93.42,2.5,91.56,19.32,2.31,0.31,77.22,0.8063218763715727,430
Koriya ,Chhattisgarh,87.62,77.08,70.02,80.75,7.72,88.18,17.33,17.45,4.71,78.15,0.8061672295222585,431
Sehore ,Madhya Pradesh,92.2,69.68,44.97,94.67,1.2,86.93,20.61,9.68,0.3,74.37,0.8061657145315072,432
Mansa ,Punjab,99.28,69.39,49.42,88.77,5.68,93.5,32.92,0.42,0.3,84.32,0.8060902966505457,433
Sivasagar ,Assam,92.65,86.64,80.89,95.25,0.37,95.61,21.46,25.53,13.53,73.79,0.8052221875897619,434
Jaunpur ,Uttar Pradesh,99.08,77.28,47.58,88.77,5.62,86.68,15.71,5.79,0.57,82.27,0.8050314623472185,435
Muzaffarnagar ,Uttar Pradesh,99.9,73.41,44.02,86.99,4.2,89.9,28.11,3.65,0.27,88.51,0.8048456782698092,436
Murshidabad ,West Bengal,99.1,67.55,66.85,86.99,5.28,92.28,25.18,5.12,0.88,49.84,0.8045421219855045,437
Etawah ,Uttar Pradesh,99.49,79.66,43.71,85.21,3.13,88.0,23.7,5.2,0.1,79.3,0.8039195365625217,438
Karauli ,Rajasthan,94.75,54.82,42.02,97.56,0.2,97.55,10.48,17.31,0.44,89.44,0.803755496188082,439
Rampur ,Uttar Pradesh,100.0,59.33,50.36,81.01,3.59,81.05,20.59,4.94,0.12,72.46,0.8032236009896283,440
Golaghat ,Assam,93.7,75.12,65.74,90.36,2.22,92.11,16.04,21.55,10.41,73.53,0.802410499300953,441
Aligarh ,Uttar Pradesh,100.0,68.71,44.68,82.58,2.91,85.53,29.42,5.14,0.11,82.08,0.8023803766539818,442
Lalitpur ,Uttar Pradesh,96.55,61.33,45.7,90.79,2.43,84.5,13.24,5.45,0.71,71.09,0.8021916431549648,443
Koppal ,Karnataka,95.95,59.8,50.67,90.74,3.21,89.18,21.91,19.87,1.22,80.67,0.8016475081512143,444
Churu ,Rajasthan,98.21,66.04,45.01,87.84,3.42,89.9,20.31,4.96,0.42,73.87,0.8006297338804543,445
Bulandshahr ,Uttar Pradesh,100.0,72.11,47.61,83.5,5.06,86.68,32.22,4.11,0.18,82.52,0.8004823602047051,446
Agra ,Uttar Pradesh,99.77,64.97,42.65,89.08,1.44,90.1,25.21,8.89,0.61,77.2,0.7996049709005101,447
Gulbarga ,Karnataka,92.51,68.24,53.63,88.66,7.02,87.08,21.83,10.99,0.77,79.62,0.7985298137364741,448
Ambedkar Nagar ,Uttar Pradesh,100.0,78.51,44.47,92.17,3.74,87.86,20.34,12.77,0.15,76.83,0.7981912721514066,449
Bijnor ,Uttar Pradesh,99.71,74.11,48.8,83.69,6.5,89.37,28.02,3.61,0.15,82.4,0.7980786887715224,450
Uttar Dinajpur ,West Bengal,99.77,65.35,70.08,76.89,7.82,84.72,14.56,10.17,1.66,60.91,0.798041458868288,451
Rayagada ,Odisha,91.26,45.07,85.26,68.9,3.5,72.05,14.83,29.1,4.89,69.69,0.7976429925159177,452
North ,NCT of Delhi,99.26,81.86,50.64,89.74,4.69,91.31,41.83,2.79,0.37,68.91,0.7976106844374662,453
Purbi Singhbhum ,Jharkhand,89.72,77.36,40.67,94.03,2.35,96.38,18.55,8.58,4.47,83.99,0.7973820642475778,454
West Garo Hills ,Meghalaya,83.68,88.99,48.03,89.63,3.23,87.52,7.18,17.55,2.1,70.9,0.7973336763511288,455
Barpeta ,Assam,98.14,74.79,43.59,87.6,0.57,87.57,16.59,14.32,0.66,70.54,0.7964913215693107,456
North & Middle Andaman ,Andaman & Nicobar Islands,92.2,84.01,79.19,97.7,0.7,98.33,35.89,46.77,5.08,92.53,0.7954971583256157,457
Hardwar ,Uttarakhand,99.59,76.39,48.46,79.84,4.77,83.15,29.83,5.7,0.42,74.15,0.7954042833426174,458
Dhule ,Maharastra,89.92,68.75,63.17,77.2,8.08,84.2,23.91,15.6,0.46,77.18,0.7952749256209863,459
Mandla ,Madhya Pradesh,79.7,69.07,54.42,87.61,2.03,76.66,10.7,29.5,3.62,84.2,0.7928855432335296,460
Munger ,Bihar,97.74,69.5,36.79,93.24,2.78,92.29,20.91,2.53,0.11,80.68,0.7928465127924295,461
Sant Kabir Nagar ,Uttar Pradesh,99.92,62.7,43.22,90.59,3.62,89.73,15.88,9.93,0.32,72.48,0.7920545679279227,462
Ramban ,Jammu & Kashmir,73.42,62.21,79.23,80.44,11.75,91.72,15.82,2.8,0.49,71.26,0.7913912802547445,463
Damoh ,Madhya Pradesh,80.98,68.29,46.43,84.98,4.11,85.19,17.39,16.09,0.1,75.81,0.7908552671412646,464
Baghpat ,Uttar Pradesh,99.85,78.13,42.36,80.86,3.6,82.34,34.51,4.71,0.27,79.14,0.7900221402617472,465
Thoubal ,Manipur,72.54,85.4,89.88,87.8,3.28,91.07,31.25,47.94,1.03,75.63,0.789720580975336,466
Sultanpur ,Uttar Pradesh,99.51,74.94,47.0,86.96,4.41,83.7,22.88,14.17,0.14,70.48,0.7892589849856793,467
Surajpur ,Chhattisgarh,83.35,68.25,48.85,85.87,1.87,79.94,14.68,17.73,7.44,82.97,0.7890627392795373,468
Almora ,Uttarakhand,93.31,88.02,44.33,80.1,6.15,85.44,19.45,5.46,0.11,78.05,0.7888032667142465,469
Sidhi ,Madhya Pradesh,83.65,71.7,39.35,83.79,2.71,75.89,14.59,7.41,0.69,79.68,0.7879296894863967,470
Fazilka ,Punjab,97.26,72.77,36.47,91.67,3.8,93.66,31.61,0.44,0.25,84.27,0.7878734433167942,471
Goalpara ,Assam,90.73,74.06,44.06,92.34,2.7,94.16,15.32,15.6,5.02,73.5,0.7870982405971882,472
Rohtas ,Bihar,99.58,76.51,34.22,89.08,3.74,91.25,19.84,1.03,0.39,84.97,0.7867342259098009,473
Jhansi ,Uttar Pradesh,96.83,72.45,36.6,92.89,3.77,93.35,12.59,10.07,0.31,80.39,0.7864779243446794,474
Hojai ,Assam,99.93,83.24,51.34,82.05,4.07,83.45,20.1,18.78,2.16,63.9,0.784897558065531,475
Azamgarh ,Uttar Pradesh,100.0,78.9,38.48,93.23,3.66,89.76,21.51,9.37,0.3,72.93,0.7844375635839815,476
Mirzapur ,Uttar Pradesh,96.94,73.39,36.51,91.09,1.62,88.55,22.34,5.4,0.09,69.76,0.784178741985871,477
Jyotiba Phule Nagar ,Uttar Pradesh,99.68,64.39,43.87,81.06,6.17,86.66,19.69,4.35,0.37,77.68,0.7841594494235226,478
Sheopur ,Madhya Pradesh,91.08,54.76,41.01,84.16,2.46,82.14,11.23,13.9,0.34,76.2,0.7841221356553475,479
Purba Medinipur ,West Bengal,87.79,77.0,56.81,91.48,4.56,94.61,27.38,12.93,1.97,48.46,0.7829918079304319,480
Bareilly ,Uttar Pradesh,100.0,54.71,43.05,75.05,3.5,77.79,25.03,5.45,0.14,75.24,0.7822696961460004,481
Meerut ,Uttar Pradesh,99.72,80.17,49.87,80.61,8.28,88.81,38.46,2.62,0.18,81.24,0.7822536185293074,482
Kushinagar ,Uttar Pradesh,100.0,64.41,35.79,89.43,4.26,93.12,20.19,4.31,0.22,79.31,0.7811971021533214,483
Kathua ,Jammu & Kashmir,96.13,87.65,31.61,97.08,1.92,98.52,38.15,2.07,0.45,81.15,0.780390213185389,484
Basti ,Uttar Pradesh,100.0,65.27,31.46,93.18,1.73,92.01,16.77,10.23,0.22,83.78,0.7801203599490916,485
Kheri ,Uttar Pradesh,99.92,61.99,47.98,82.77,3.65,81.24,16.37,14.78,0.22,60.46,0.7796125630221122,486
Firozabad ,Uttar Pradesh,99.42,74.35,39.25,80.07,4.19,83.34,24.34,5.23,0.3,73.71,0.7795221464003516,487
Shamli ,Uttar Pradesh,99.85,65.82,40.98,78.29,5.91,83.3,22.61,3.66,0.31,81.27,0.7795137827160362,488
Bharatpur ,Rajasthan,93.93,63.05,33.23,92.12,1.3,90.83,12.35,10.49,0.2,75.86,0.7793084143739151,489
Puruliya ,West Bengal,87.57,60.95,57.77,89.76,2.59,91.41,9.59,26.7,1.13,51.46,0.7791100829869592,490
Dhanbad ,Jharkhand,88.9,71.97,44.55,78.75,5.93,83.63,16.38,9.56,1.08,73.23,0.7790648839616465,491
Mainpuri ,Uttar Pradesh,99.59,78.35,38.13,82.65,2.2,84.65,21.74,2.93,0.5,63.3,0.7782153560074363,492
Chhatarpur ,Madhya Pradesh,86.5,63.68,36.88,85.22,2.2,84.44,13.87,10.81,0.48,72.2,0.7777604707699615,493
Bishnupur ,Manipur,77.68,88.38,77.39,89.5,3.09,92.58,40.92,48.77,0.8,79.0,0.777561406067485,494
Faizabad ,Uttar Pradesh,100.0,77.7,33.76,89.11,3.16,91.62,24.47,8.68,0.16,75.48,0.7761511454724913,495
Kamrup ,Assam,92.14,79.6,46.86,85.03,4.27,88.54,23.52,14.3,3.23,61.43,0.7757566909047556,496
Singrauli ,Madhya Pradesh,77.9,65.36,58.07,69.85,9.24,77.53,11.9,5.76,1.23,72.18,0.7754144292078732,497
Sagar ,Madhya Pradesh,86.69,74.33,35.91,86.89,2.41,82.46,20.16,10.6,0.33,71.47,0.7753596229624856,498
Allahabad ,Uttar Pradesh,95.79,70.84,45.88,83.19,6.09,85.48,25.54,11.91,0.21,67.54,0.7746740369136149,499
Chirang ,Assam,92.12,71.47,56.53,83.65,2.71,82.94,13.33,18.62,8.93,59.73,0.774505365642097,500
Parbhani ,Maharastra,88.97,73.36,47.35,85.61,7.3,90.83,23.72,6.95,0.06,64.4,0.7744649479443719,501
Rae Bareli ,Uttar Pradesh,98.07,66.45,43.57,89.51,4.54,90.77,18.73,11.78,0.51,60.11,0.7744614754379244,502
West Tripura ,Tripura,98.49,86.19,61.22,95.27,1.63,96.9,26.81,47.71,3.5,87.7,0.7741203441018251,503
Garhwal ,Uttarakhand,83.5,85.83,39.62,76.02,2.36,76.91,20.95,6.44,0.74,63.95,0.7740775845049185,504
Alirajpur ,Madhya Pradesh,89.62,42.13,54.71,83.17,7.54,87.48,10.88,10.6,7.02,79.91,0.7740633347642775,505
Pilibhit ,Uttar Pradesh,100.0,59.31,43.58,76.19,6.15,80.23,21.36,4.91,0.19,72.59,0.7731142612626318,506
Surguja ,Chhattisgarh,96.39,73.68,57.71,85.34,4.32,89.42,15.25,24.03,12.07,83.39,0.7729235146676873,507
Bokaro ,Jharkhand,86.42,72.56,48.71,80.86,8.49,86.52,15.09,8.99,2.01,73.5,0.7721567387141269,508
Dindori ,Madhya Pradesh,66.07,66.79,56.5,77.62,6.97,84.33,7.94,22.82,6.81,82.87,0.7718227836365548,509
Mewat ,Haryana,97.06,45.06,45.88,74.63,5.25,77.75,14.85,4.74,0.33,65.91,0.7715210725068122,510
Koraput ,Odisha,89.45,41.68,79.19,82.07,5.94,86.26,9.24,32.67,11.51,83.52,0.7713814640837531,511
Banda ,Uttar Pradesh,98.22,62.61,39.02,89.78,4.43,92.53,13.54,19.68,0.45,73.67,0.7703364629561352,512
Sonitpur ,Assam,82.87,76.91,45.49,83.49,1.27,82.77,13.14,23.26,4.39,63.53,0.7700022555901391,513
Alwar ,Rajasthan,97.61,65.64,29.97,91.27,0.98,90.79,17.29,9.74,0.28,72.87,0.7698509583498686,514
Ballia ,Uttar Pradesh,99.82,73.3,30.52,89.96,4.5,93.14,16.56,2.18,0.45,76.57,0.7694529223381226,515
Nandurbar ,Maharastra,94.6,57.66,58.17,76.29,7.01,77.94,12.92,26.65,2.79,74.42,0.7693811852363834,516
Bilaspur ,Chhattisgarh,93.62,74.32,46.87,79.44,8.14,85.64,17.07,11.48,2.55,75.74,0.7692001238657376,517
Siddharthnagar ,Uttar Pradesh,99.87,49.14,60.86,69.74,7.38,67.62,12.85,14.62,0.17,61.8,0.7686847624189275,518
Ghazipur ,Uttar Pradesh,99.32,75.84,29.22,88.32,2.96,90.51,14.32,4.37,0.16,71.53,0.7673521673143567,519
Amethi ,Uttar Pradesh,98.67,67.28,31.69,90.76,3.35,91.39,23.51,11.46,0.44,76.33,0.7673278655238265,520
Korba ,Chhattisgarh,82.21,77.59,49.34,75.4,7.09,78.17,16.21,18.57,3.71,76.73,0.7670722510287727,521
Baksa ,Assam,89.78,74.8,56.01,89.88,4.64,92.1,18.8,14.86,11.88,65.02,0.7664661696423122,522
Morigaon ,Assam,94.59,78.68,41.95,88.3,1.67,89.96,14.21,29.85,1.88,67.93,0.7654672913239499,523
Rewa ,Madhya Pradesh,82.08,67.74,32.99,80.43,4.08,79.87,18.17,7.58,0.63,77.73,0.7652151330961152,524
Moradabad ,Uttar Pradesh,99.8,69.41,33.15,80.26,5.33,85.59,17.01,3.57,0.3,76.09,0.7651372005720615,525
Jashpur ,Chhattisgarh,88.83,75.08,48.57,85.62,1.71,78.56,13.43,21.24,12.11,82.7,0.76498196485478,526
Budaun ,Uttar Pradesh,99.83,52.39,40.57,72.31,2.75,73.07,15.2,7.11,0.49,62.43,0.7646385575234834,527
Sheikhpura ,Bihar,98.43,55.01,28.35,89.2,3.67,91.76,13.31,2.05,0.17,77.09,0.7642790021040501,528
Aizawl ,Mizoram,98.27,98.86,68.51,97.44,0.34,97.78,29.7,54.72,0.98,73.37,0.7638452096300119,529
Mathura ,Uttar Pradesh,98.44,67.93,39.3,79.48,4.33,81.51,25.37,9.27,0.05,62.81,0.7637116271485902,530
Darrang ,Assam,99.72,75.55,37.48,84.41,2.32,87.03,13.31,10.24,0.3,53.23,0.7635746211273169,531
Dibrugarh ,Assam,98.06,76.58,75.64,93.09,1.15,95.34,20.88,27.85,19.04,82.05,0.7634832907484842,532
Tinsukia ,Assam,96.84,70.51,63.14,82.63,1.02,83.17,16.9,23.13,15.65,73.56,0.7626730710463897,533
South Garo Hills ,Meghalaya,60.35,88.57,33.25,88.28,3.87,91.19,6.93,9.68,1.36,65.9,0.7625209680132169,534
Arwal ,Bihar,99.86,62.54,34.51,79.16,5.35,83.11,12.36,2.37,0.56,70.1,0.7615416571432057,535
Banka ,Bihar,96.31,55.73,31.74,79.79,3.77,80.4,13.4,1.81,0.49,72.26,0.7614366211737165,536
Gonda ,Uttar Pradesh,100.0,60.39,41.68,81.77,5.67,82.55,17.51,18.04,0.4,68.62,0.7609369561448157,537
Nawada ,Bihar,99.25,62.1,31.62,79.94,4.2,79.47,15.72,2.91,0.93,74.11,0.7609025932631661,538
Kannauj ,Uttar Pradesh,99.85,68.25,46.44,76.41,8.82,81.5,18.76,8.69,0.32,70.27,0.7607404820952095,539
Jamui ,Bihar,90.48,48.68,37.91,73.39,3.95,72.73,12.67,2.8,0.54,66.69,0.7606181851575904,540
Saraikela-Kharsawan ,Jharkhand,85.69,68.27,54.39,81.84,7.8,89.05,6.44,11.22,11.26,77.2,0.7602227431942347,541
Kaushambi ,Uttar Pradesh,98.34,61.99,34.04,88.64,5.4,92.8,17.3,14.87,0.24,74.16,0.759744329037866,542
Farrukhabad ,Uttar Pradesh,99.65,65.09,41.5,69.29,7.05,74.66,15.67,6.42,0.29,72.49,0.7595850133785998,543
Bhojpur ,Bihar,99.7,64.1,33.48,86.9,2.32,87.53,20.82,2.44,0.5,56.12,0.7594935548092164,544
Buxar ,Bihar,99.81,68.14,27.44,89.45,2.75,90.59,16.58,1.79,0.14,66.92,0.7594490495442473,545
Kanshiram Nagar ,Uttar Pradesh,99.36,60.6,38.09,74.81,3.91,77.15,20.69,6.88,0.37,62.0,0.7591746747575977,546
Sitapur ,Uttar Pradesh,99.7,59.16,35.39,84.81,5.45,87.8,15.43,13.75,0.09,71.54,0.7589928850943657,547
Pratapgarh ,Uttar Pradesh,97.82,77.73,30.62,90.82,4.5,93.11,25.03,11.89,0.47,71.13,0.757640739163415,548
West District ,Sikkim,89.87,85.73,70.36,99.33,0.0,99.33,24.48,8.87,20.51,63.57,0.7576299915897159,549
Panna ,Madhya Pradesh,85.53,62.94,30.87,84.04,3.63,85.98,15.68,13.57,0.28,73.49,0.7575489245142054,550
Vikarabad ,Telangana,99.73,59.32,54.82,95.01,2.04,86.71,25.67,11.58,17.0,80.77,0.7572200563624436,551
Chandauli ,Uttar Pradesh,97.49,73.85,32.91,86.24,5.0,85.06,23.13,7.11,0.36,65.18,0.7556874741414633,552
Malkangiri ,Odisha,94.71,41.29,82.77,90.66,3.4,93.82,10.09,33.53,18.37,89.47,0.7556270731305079,553
Udalguri ,Assam,82.32,70.02,49.81,86.15,1.86,87.87,14.04,12.19,11.06,53.07,0.7551585932268938,554
Baloda Bazar ,Chhattisgarh,94.79,75.01,49.47,78.14,10.17,86.17,14.71,14.89,1.75,72.64,0.7550662236931316,555
Hoshangabad ,Madhya Pradesh,93.53,73.55,31.46,91.75,0.76,82.02,20.56,21.42,1.22,67.63,0.7541803934787988,556
Ranchi ,Jharkhand,86.27,78.4,35.21,87.28,7.65,94.65,14.9,8.26,5.65,83.13,0.7540258765340219,557
Kaimur (Bhabua) ,Bihar,97.96,66.04,25.58,83.33,5.2,86.04,11.81,2.79,0.45,81.56,0.7539751313301432,558
North Tripura ,Tripura,75.58,83.12,67.1,85.36,1.3,86.66,16.8,52.46,6.12,76.55,0.7538016767680762,559
Dimapur ,Nagaland,92.42,86.62,50.08,73.71,9.36,80.73,21.06,16.39,1.71,68.74,0.7535593690377346,560
Garhwa ,Jharkhand,92.52,62.74,29.78,83.98,4.37,88.15,13.63,4.82,2.97,70.33,0.7527485727712608,561
Siwan ,Bihar,99.81,70.9,30.26,86.36,4.44,86.92,23.3,4.61,0.41,63.91,0.7524250831227954,562
Sant Ravidas Nagar (Bhadohi) ,Uttar Pradesh,96.73,72.57,25.78,90.3,3.71,92.28,26.45,7.42,0.11,69.49,0.7504265676556894,563
Nalanda ,Bihar,98.9,56.07,29.31,80.31,6.39,85.1,16.03,2.81,0.3,77.48,0.7497489309275622,564
Charaideo ,Assam,96.4,71.93,64.53,88.21,2.2,90.47,10.3,25.4,17.68,70.49,0.7490136608335755,565
Hardoi ,Uttar Pradesh,99.9,59.3,39.68,73.93,8.17,79.06,13.55,6.53,0.06,66.97,0.7477492000374688,566
Sambhal ,Uttar Pradesh,100.0,52.57,32.87,74.24,5.19,78.19,19.63,4.85,0.15,67.48,0.7477382691423172,567
Etah ,Uttar Pradesh,99.82,70.8,33.6,76.69,5.21,80.79,20.41,5.03,0.56,60.18,0.7475926101608336,568
Hazaribagh ,Jharkhand,85.49,69.67,36.41,82.03,7.18,85.62,14.96,4.75,3.44,65.42,0.7473340109528185,569
Shrawasti ,Uttar Pradesh,99.26,40.75,42.35,80.42,6.07,84.27,13.73,24.18,0.27,68.27,0.7471255083965062,570
Giridih ,Jharkhand,87.63,57.32,42.1,70.74,7.75,76.74,7.75,4.37,1.38,61.27,0.7461797427080664,571
Jehanabad ,Bihar,99.75,63.18,17.43,89.11,1.33,88.25,14.33,5.47,1.06,77.67,0.7439699069545482,572
Serchhip ,Mizoram,97.73,99.72,60.25,96.18,0.62,96.79,23.99,62.7,0.43,86.16,0.7437525588467631,573
Gaya ,Bihar,99.21,59.4,25.07,76.58,4.16,77.66,10.82,3.69,0.9,72.48,0.7428899253008726,574
Lakhimpur ,Assam,81.22,83.86,51.67,96.16,0.99,96.82,12.4,27.19,15.5,67.67,0.7425321249314921,575
South Tripura ,Tripura,90.51,80.25,58.42,89.72,0.66,88.56,22.82,51.03,5.55,67.99,0.7423967137172643,576
Mungeli ,Chhattisgarh,97.95,68.55,67.32,69.81,14.49,83.16,17.52,13.74,1.2,74.44,0.7420888805434925,577
Fatehpur ,Uttar Pradesh,98.79,66.45,38.09,81.36,7.24,85.64,15.81,20.8,0.84,66.75,0.7419002399754364,578
Medak ,Telangana,99.87,57.71,68.52,98.87,1.13,92.93,23.28,6.42,23.79,80.83,0.7415446451455912,579
Gopalganj ,Bihar,99.92,63.31,27.88,85.92,3.28,88.02,17.94,5.18,0.14,53.88,0.7411950073889895,580
Bongaigaon ,Assam,95.33,75.76,33.91,84.53,4.89,89.1,16.93,18.81,0.95,57.02,0.7408492629365045,581
Sonbhadra ,Uttar Pradesh,89.58,64.8,36.38,76.76,7.25,77.08,15.33,5.84,0.56,59.89,0.7403919385226754,582
Supaul ,Bihar,99.71,42.14,30.94,80.35,4.16,79.41,9.37,11.39,0.11,60.66,0.7387875862239338,583
Lohardaga ,Jharkhand,78.43,67.46,37.65,84.11,8.27,92.1,6.98,12.76,7.94,79.19,0.7387260043917038,584
Lakhisarai ,Bihar,96.62,57.89,28.04,75.78,5.38,76.2,16.17,2.42,0.75,66.67,0.7381413408700496,585
South West Garo Hills ,Meghalaya,58.58,82.57,28.51,83.68,4.94,88.32,9.02,11.09,1.21,60.59,0.7380032890076487,586
Shahjahanpur ,Uttar Pradesh,100.0,59.47,35.32,63.25,5.68,68.32,17.15,6.64,0.19,62.78,0.7375295489382733,587
Sepahijala ,Tripura,97.38,79.61,52.78,87.73,1.07,87.17,24.21,47.6,8.08,72.06,0.7354878696289255,588
Gumla ,Jharkhand,75.19,69.27,49.29,83.76,6.73,90.24,5.55,14.75,16.11,82.36,0.7338676744729407,589
East District ,Sikkim,93.58,90.14,43.82,91.83,3.94,94.17,38.21,11.15,14.49,65.76,0.7333661016876765,590
Ramgarh ,Jharkhand,76.71,72.73,40.92,78.98,10.96,89.71,14.14,8.64,5.85,77.97,0.7328424342177199,591
Biswanath ,Assam,76.19,69.15,46.49,84.25,0.62,84.56,10.57,27.81,11.46,56.51,0.7324416784963667,592
Madhubani ,Bihar,100.0,53.15,34.88,73.72,7.75,78.54,13.68,4.98,0.13,58.87,0.7319715437579748,593
Kendujhar ,Odisha,92.91,66.96,57.05,80.43,4.59,79.92,17.04,34.92,13.58,75.43,0.7314885559554106,594
Jamtara ,Jharkhand,93.0,57.37,35.98,75.37,7.7,82.51,7.09,13.61,5.29,69.91,0.7313033590953765,595
Begusarai ,Bihar,99.05,62.31,21.56,85.99,3.42,85.6,17.61,3.96,0.38,58.58,0.7312241969362261,596
Aurangabad ,Bihar,99.97,67.56,29.31,77.48,9.08,84.61,9.95,3.3,1.12,71.53,0.7309252415036115,597
Palamu ,Jharkhand,94.89,65.37,33.83,74.85,9.23,83.37,10.81,6.04,3.09,70.25,0.7305798555991048,598
Balrampur ,Uttar Pradesh,99.77,44.94,40.97,69.71,6.07,67.4,14.84,23.58,0.44,62.08,0.7288838650591509,599
Samastipur ,Bihar,98.58,54.25,23.53,83.38,2.86,83.71,15.17,3.51,0.13,52.09,0.728593862606546,600
Karimganj ,Assam,62.25,80.66,42.78,76.35,2.37,78.28,6.55,43.01,1.44,63.92,0.7283516234584847,601
Mayurbhanj ,Odisha,80.09,61.45,52.94,91.68,2.42,87.14,14.31,34.85,17.04,86.29,0.7274616153800143,602
Hailakandi ,Assam,41.18,82.19,43.13,83.03,2.16,84.79,10.91,45.14,3.13,68.79,0.7270804982819529,603
Pashchim Champaran ,Bihar,99.74,52.53,25.39,79.45,3.96,78.43,20.62,5.94,0.93,57.26,0.727066980756037,604
Kodagaon ,Chhattisgarh,98.77,56.13,64.05,78.72,5.54,83.65,6.08,28.62,18.25,79.44,0.7265779079841127,605
Champhai ,Mizoram,98.6,97.73,63.43,96.67,1.61,97.51,22.85,66.71,1.56,72.31,0.7263925364845804,606
Chatra ,Jharkhand,83.34,61.81,32.36,71.52,5.46,73.49,10.37,6.41,5.93,61.23,0.7259596553778114,607
Patna ,Bihar,98.76,67.64,17.92,89.14,3.25,81.44,21.47,2.06,0.36,59.03,0.7249592592586828,608
Mahamaya Nagar ,Uttar Pradesh,98.98,68.66,27.8,80.31,5.04,82.45,23.79,7.96,0.49,50.76,0.7247825113306504,609
Kokrajhar ,Assam,87.3,73.73,36.93,81.91,0.93,81.98,13.74,25.71,12.28,68.29,0.7242858666544689,610
North  District ,Sikkim,94.68,81.35,59.36,97.33,1.46,98.5,44.08,9.91,22.66,71.26,0.7239541628169935,611
Bhagalpur ,Bihar,97.99,65.56,27.62,77.17,6.34,77.47,19.39,2.39,0.15,53.95,0.7235053297014484,612
Vaishali ,Bihar,99.19,62.41,24.52,81.58,6.47,84.82,16.92,3.85,0.35,57.41,0.7227975774752373,613
Sheohar ,Bihar,100.0,52.5,25.33,74.27,6.35,77.03,7.58,4.53,0.29,61.14,0.722443679490466,614
Chitrakoot ,Uttar Pradesh,96.99,62.11,30.25,81.06,6.02,78.43,14.49,12.74,0.5,50.32,0.7209500274051538,615
Dhalai ,Tripura,70.3,71.63,52.02,87.26,0.46,87.71,19.1,55.16,7.49,72.36,0.7193017121224757,616
East Garo Hills ,Meghalaya,67.0,86.67,25.52,73.82,7.53,80.83,7.01,6.3,0.86,59.91,0.7184411053280109,617
East Khasi Hills ,Meghalaya,90.01,93.74,57.45,63.41,6.22,68.72,15.58,29.79,1.18,33.62,0.7180964008208773,618
South Salmara Mancachar ,Assam,98.16,63.46,35.33,71.71,8.09,79.38,8.53,25.15,0.16,62.61,0.7180438544832631,619
Dantewada ,Chhattisgarh,95.14,50.32,68.2,90.45,2.48,88.67,6.75,38.08,21.42,84.92,0.7172844604758598,620
Cachar ,Assam,43.79,77.18,32.69,79.2,2.08,80.24,9.12,33.16,2.48,57.27,0.7169631637310666,621
Kolasib ,Mizoram,95.27,96.86,65.98,91.36,2.65,93.2,26.03,70.58,0.93,71.49,0.7156577441150132,622
Dhubri ,Assam,96.7,69.52,37.56,64.17,5.81,68.94,12.37,21.78,0.34,48.41,0.715522428478548,623
Saran ,Bihar,99.74,65.56,30.74,72.97,8.62,79.09,19.11,4.15,0.57,54.05,0.7152525332231909,624
Lower Subansiri ,Arunachal Pradesh,98.14,76.8,39.08,89.77,2.84,92.61,23.21,17.97,16.82,67.74,0.7144075858205282,625
Muzaffarpur ,Bihar,99.89,62.99,28.18,72.51,7.87,78.21,16.46,7.24,0.51,55.86,0.7139942504860505,626
Lunglei ,Mizoram,96.0,91.58,56.72,82.69,3.92,80.18,20.63,62.84,0.85,67.13,0.7113329982235668,627
Karbi Anglong ,Assam,79.57,78.78,63.93,74.87,3.4,78.27,15.67,20.52,20.51,56.9,0.7101471842508178,628
Ribhoi ,Meghalaya,86.16,89.46,60.95,56.94,8.37,65.77,12.21,34.07,0.68,39.54,0.7088554674188431,629
Unnao ,Uttar Pradesh,98.48,68.18,19.76,80.84,5.7,81.2,20.64,9.45,0.3,54.17,0.7084596471454865,630
Tamenglong ,Manipur,51.6,76.79,56.42,57.69,11.86,69.85,24.43,17.24,2.19,52.74,0.708020459261333,631
Gomati ,Tripura,87.66,77.15,40.63,93.2,0.46,94.06,19.55,49.64,9.35,66.31,0.7065634738182216,632
Papum Pare ,Arunachal Pradesh,92.89,78.22,39.28,87.99,1.1,86.52,31.08,16.14,16.1,53.16,0.7059835185192554,633
Balrampur ,Chhattisgarh,84.44,66.81,52.09,78.89,10.35,89.24,9.94,21.36,16.21,78.59,0.7037635343591166,634
Godda ,Jharkhand,91.35,50.44,39.22,70.22,13.8,83.26,10.65,2.68,3.33,67.86,0.702438877546532,635
Madhepura ,Bihar,99.25,47.63,20.87,74.95,5.29,77.12,12.92,7.92,0.52,49.46,0.7020979943459544,636
Lower Dibang Valley ,Arunachal Pradesh,99.52,81.56,48.62,90.12,3.62,93.74,16.78,20.62,20.25,58.57,0.7002760280460031,637
Bara Banki ,Uttar Pradesh,98.84,61.13,22.56,75.98,5.03,73.28,17.05,11.16,0.23,41.49,0.6970029811844409,638
Khowai ,Tripura,83.19,80.46,41.5,95.72,1.62,95.19,15.41,51.32,9.63,59.66,0.6967679381134116,639
Dumka ,Jharkhand,92.59,55.62,39.27,60.27,8.92,68.97,9.14,9.59,8.84,54.86,0.6940681241861804,640
Araria ,Bihar,100.0,43.65,25.83,66.21,6.53,70.31,9.92,12.28,0.24,46.42,0.6937650709859265,641
Bahraich ,Uttar Pradesh,100.0,41.64,34.27,67.67,8.32,70.72,12.54,26.61,0.57,52.43,0.6915743994504187,642
Dima Hasao ,Assam,50.15,87.71,46.88,89.54,1.83,91.85,16.2,21.32,23.91,73.83,0.690674796863267,643
Churachandpur ,Manipur,62.49,84.19,61.31,72.94,7.06,80.0,27.99,62.08,1.16,58.24,0.6904422489618691,644
Lohit ,Arunachal Pradesh,96.88,73.43,39.61,90.24,2.57,92.3,30.93,17.78,20.92,66.22,0.6899971892696766,645
Khagaria ,Bihar,98.8,51.82,17.43,74.15,8.76,82.34,18.14,3.46,0.14,54.18,0.6887542129674296,646
Pakur ,Jharkhand,88.59,46.68,26.64,64.6,9.89,74.18,7.95,5.78,5.11,61.59,0.6882255090415597,647
North Garo Hills ,Meghalaya,51.51,86.14,24.28,61.52,5.9,63.2,11.14,3.84,2.18,40.47,0.686700909673031,648
Kohima ,Nagaland,89.87,95.23,28.31,66.88,12.17,78.86,11.6,14.44,1.2,58.86,0.6866652500951802,649
Sitamarhi ,Bihar,99.65,51.74,20.28,64.36,7.93,69.56,13.87,6.42,0.14,51.08,0.6860139652925074,650
Darbhanga ,Bihar,99.75,49.38,24.87,69.9,10.66,75.87,13.43,5.62,0.31,50.53,0.6838704530453563,651
East Jantia Hills ,Meghalaya,74.59,76.01,58.62,48.4,6.8,55.7,15.21,49.23,3.64,49.08,0.6800128792858566,652
Deoghar ,Jharkhand,90.78,54.22,30.74,61.29,12.63,72.27,10.94,6.57,1.95,55.57,0.6791855740580548,653
Sahibganj ,Jharkhand,88.22,54.86,36.17,64.69,14.0,75.69,14.31,4.67,6.66,64.76,0.6791704042964112,654
East Siang ,Arunachal Pradesh,97.27,83.76,34.26,90.84,1.68,89.23,27.87,24.65,18.75,55.71,0.6783889951781272,655
Purba Champaran ,Bihar,99.87,50.15,21.65,61.51,7.86,67.42,16.32,7.56,0.46,43.73,0.677017670828369,656
West Khasi Hills ,Meghalaya,80.52,87.37,64.0,41.74,7.24,49.25,8.72,50.17,1.6,41.98,0.6757845787065927,657
South West Khasi Hills ,Meghalaya,85.34,85.93,63.35,41.69,7.62,49.26,8.85,50.0,1.12,42.88,0.6756566848054768,658
Tirap ,Arunachal Pradesh,93.81,75.09,35.68,70.24,4.61,73.85,28.29,12.74,16.35,49.84,0.675258408592528,659
Mamit ,Mizoram,97.29,89.63,52.48,74.96,7.06,81.08,21.84,70.17,0.35,63.87,0.6748441492465838,660
Latehar ,Jharkhand,79.2,58.74,43.12,70.29,14.6,83.75,7.34,11.02,12.67,70.73,0.6725269700163812,661
Simdega ,Jharkhand,66.74,68.78,34.38,75.73,8.63,78.12,7.87,17.63,15.73,61.49,0.669292622874084,662
Majuli ,Assam,98.62,83.36,72.24,90.29,3.21,93.5,14.37,26.64,32.09,73.54,0.6685734903302645,663
Saharsa ,Bihar,100.0,43.13,11.66,70.39,5.57,72.86,12.84,10.67,0.2,38.54,0.6656189123656128,664
Longding ,Arunachal Pradesh,62.47,71.91,39.58,64.51,0.91,65.02,13.65,16.0,21.77,57.07,0.6655210531925263,665
Katihar ,Bihar,99.16,49.69,15.3,66.87,9.29,73.75,13.12,6.1,0.63,41.73,0.6618759063998929,666
Dhemaji ,Assam,95.25,81.47,62.16,87.25,4.23,91.48,15.58,26.24,30.55,72.84,0.6615519855197557,667
Ukhrul ,Manipur,50.85,86.89,38.81,44.58,9.94,54.51,14.53,32.88,0.94,44.86,0.6580299031514131,668
Purnia ,Bihar,99.63,47.52,11.13,68.87,9.27,74.21,14.37,6.19,0.87,41.02,0.6533627910558906,669
Upper Siang ,Arunachal Pradesh,99.82,74.37,34.01,75.98,3.28,78.75,27.28,21.31,21.99,56.38,0.6516893422721974,670
Tawang ,Arunachal Pradesh,99.77,59.08,37.61,84.18,5.67,89.85,35.44,5.07,23.41,49.59,0.649869136261231,671
Kurung Kumey ,Arunachal Pradesh,99.79,76.45,44.11,69.16,1.6,69.71,23.27,16.42,27.47,62.34,0.6496525819584937,672
Dibang Valley ,Arunachal Pradesh,100.0,77.83,40.38,85.52,3.47,88.09,21.66,20.25,27.88,66.19,0.6476458891548794,673
West Kameng ,Arunachal Pradesh,99.76,73.69,27.59,93.57,4.55,92.03,25.74,13.85,19.54,38.85,0.6457616530940642,674
Khunti ,Jharkhand,68.59,59.89,37.43,73.77,10.95,80.07,3.91,16.21,19.83,63.87,0.6448119706186551,675
Nicobars,Andaman & Nicobar Islands,98.81,87.54,71.65,97.81,0.79,98.6,39.11,63.46,29.59,85.09,0.6445030153313785,676
Narayanpur ,Chhattisgarh,90.52,53.84,59.1,74.16,11.47,82.46,5.65,32.66,24.65,76.87,0.6442751187797263,677
Unakoti ,Tripura,78.56,76.35,24.59,71.5,2.94,66.03,16.6,54.93,3.39,44.5,0.6442592235009889,678
Peren ,Nagaland,92.45,77.59,14.54,43.47,9.64,52.49,16.36,13.44,1.43,46.88,0.6408320578824016,679
Longleng ,Nagaland,76.28,82.0,15.39,38.68,5.93,44.61,6.97,7.94,0.48,28.45,0.6400170403124795,680
Mokokchung ,Nagaland,97.44,94.04,18.21,51.48,12.23,61.68,15.21,22.2,0.36,47.38,0.6385448083502518,681
West Jaintia Hills ,Meghalaya,70.63,80.02,43.12,42.17,7.74,50.72,15.39,44.81,1.3,28.57,0.6382659960057251,682
Chandel ,Manipur,68.64,80.17,66.62,55.52,19.28,74.03,33.74,47.9,1.19,55.02,0.6366273723924576,683
Chandel ,Mizoram,68.64,80.17,66.62,55.52,19.28,74.03,33.74,47.9,1.19,55.02,0.6366273723924576,683
Bastar ,Chhattisgarh,94.09,54.62,55.07,63.54,13.75,72.63,8.73,36.38,18.46,69.19,0.6364242772422115,685
Kishanganj ,Bihar,100.0,48.03,17.13,54.63,12.4,64.87,11.56,11.61,0.55,40.73,0.635526547533001,686
Sukma ,Chhattisgarh,95.96,40.48,73.99,81.22,6.41,84.8,3.77,44.45,32.15,80.61,0.6348095745793677,687
West Siang ,Arunachal Pradesh,99.06,77.92,30.42,84.57,3.41,87.56,27.39,16.86,26.87,61.4,0.6347426488543455,688
Kra Daadi ,Arunachal Pradesh,99.84,55.3,18.27,73.54,7.72,80.95,29.82,9.9,11.5,34.9,0.6346144660101212,689
Siang ,Arunachal Pradesh,96.29,87.36,31.13,81.1,2.09,82.7,15.81,19.61,27.3,56.02,0.6309686271126209,690
Changlang ,Arunachal Pradesh,81.8,77.6,46.94,75.05,6.3,81.25,17.14,21.88,30.04,69.74,0.6309291588579709,691
Zunheboto ,Nagaland,91.03,87.13,11.21,34.98,6.33,40.52,8.92,8.03,0.21,24.93,0.6255135597339898,692
West Karbi Anglong ,Assam,44.69,73.89,46.72,72.51,11.97,84.49,9.43,20.19,23.03,55.71,0.6252458831740152,693
Wokha ,Nagaland,83.41,91.63,34.7,43.59,19.89,63.48,18.29,12.93,1.09,50.73,0.6228881361160501,694
Tuensang ,Nagaland,90.37,77.77,4.36,34.84,4.78,39.15,10.82,14.87,0.56,29.52,0.616683109058882,695
Senapati ,Manipur,64.4,81.89,64.92,45.75,19.27,65.02,24.89,46.09,1.22,37.04,0.6161060878343404,696
Lawngtlai ,Mizoram,82.22,75.99,33.01,53.68,9.34,59.89,14.11,65.41,0.93,46.2,0.6151714914785614,697
East Kameng ,Arunachal Pradesh,93.58,62.16,29.12,75.96,4.35,80.31,19.64,24.9,27.39,53.64,0.6050958789691523,698
Anjaw ,Arunachal Pradesh,86.61,67.89,32.32,77.95,1.98,78.98,22.79,22.1,31.62,55.75,0.6019247662395554,699
Mon ,Nagaland,86.73,78.22,9.66,21.4,9.54,30.94,9.39,6.88,0.22,25.62,0.5995032500740195,700
Kiphire ,Nagaland,90.86,73.69,5.77,34.77,11.9,46.68,9.28,10.09,1.03,31.88,0.5978438894134701,701
Pashchimi Singhbhum ,Jharkhand,79.29,49.83,34.86,67.91,8.36,70.08,7.07,19.93,28.48,58.83,0.5954328427911592,702
Namsai ,Arunachal Pradesh,93.53,67.14,35.37,63.6,6.41,68.82,17.99,25.33,28.35,51.21,0.5912089294084,703
Phek ,Nagaland,98.08,85.82,9.48,32.2,18.46,50.65,14.11,9.92,0.89,39.59,0.5805880050146723,704
Bijapur ,Chhattisgarh,94.34,46.29,56.85,63.62,11.49,73.8,6.02,44.42,31.99,64.94,0.5744605487697237,705
Upper Subansiri ,Arunachal Pradesh,94.73,64.31,32.11,76.95,5.22,81.34,24.95,19.76,42.77,56.71,0.5423397271699716,706
Jabalpur ,Madhya Pradesh,97.99,72.44,-60.39,94.73,0.0,94.73,14.6,18.24,0.29,-97.48,0.46353395512329276,707
